Date,Home,Points,Away,Points
Tue Oct 27 2015,Atlanta Hawks,94,Detroit Pistons,106
Tue Oct 27 2015,Chicago Bulls,97,Cleveland Cavaliers,95
Tue Oct 27 2015,Golden State Warriors,111,New Orleans Pelicans,95
Wed Oct 28 2015,Boston Celtics,112,Philadelphia 76ers,95
Wed Oct 28 2015,Brooklyn Nets,100,Chicago Bulls,115
Wed Oct 28 2015,Detroit Pistons,92,Utah Jazz,87
Wed Oct 28 2015,Houston Rockets,85,Denver Nuggets,105
Wed Oct 28 2015,Los Angeles Lakers,111,Minnesota Timberwolves,112
Wed Oct 28 2015,Memphis Grizzlies,76,Cleveland Cavaliers,106
Wed Oct 28 2015,Miami Heat,104,Charlotte Hornets,94
Wed Oct 28 2015,Milwaukee Bucks,97,New York Knicks,122
Wed Oct 28 2015,Oklahoma City Thunder,112,San Antonio Spurs,106
Wed Oct 28 2015,Orlando Magic,87,Washington Wizards,88
Wed Oct 28 2015,Phoenix Suns,95,Dallas Mavericks,111
Wed Oct 28 2015,Portland Trail Blazers,112,New Orleans Pelicans,94
Wed Oct 28 2015,Sacramento Kings,104,Los Angeles Clippers,111
Wed Oct 28 2015,Toronto Raptors,106,Indiana Pacers,99
Thu Oct 29 2015,Indiana Pacers,103,Memphis Grizzlies,112
Thu Oct 29 2015,Los Angeles Clippers,104,Dallas Mavericks,88
Thu Oct 29 2015,New York Knicks,101,Atlanta Hawks,112
Fri Oct 30 2015,Atlanta Hawks,97,Charlotte Hornets,94
Fri Oct 30 2015,Boston Celtics,103,Toronto Raptors,113
Fri Oct 30 2015,Cleveland Cavaliers,102,Miami Heat,92
Fri Oct 30 2015,Denver Nuggets,78,Minnesota Timberwolves,95
Fri Oct 30 2015,Detroit Pistons,98,Chicago Bulls,94
Fri Oct 30 2015,Houston Rockets,92,Golden State Warriors,112
Fri Oct 30 2015,Milwaukee Bucks,113,Washington Wizards,118
Fri Oct 30 2015,Orlando Magic,136,Oklahoma City Thunder,139
Fri Oct 30 2015,Philadelphia 76ers,71,Utah Jazz,99
Fri Oct 30 2015,Phoenix Suns,110,Portland Trail Blazers,92
Fri Oct 30 2015,Sacramento Kings,132,Los Angeles Lakers,114
Fri Oct 30 2015,San Antonio Spurs,102,Brooklyn Nets,75
Sat Oct 31 2015,Indiana Pacers,76,Utah Jazz,97
Sat Oct 31 2015,Los Angeles Clippers,114,Sacramento Kings,109
Sat Oct 31 2015,Memphis Grizzlies,101,Brooklyn Nets,91
Sat Oct 31 2015,New Orleans Pelicans,120,Golden State Warriors,134
Sat Oct 31 2015,Portland Trail Blazers,90,Phoenix Suns,101
Sat Oct 31 2015,Washington Wizards,110,New York Knicks,117
Sun Nov 1 2015,Boston Celtics,87,San Antonio Spurs,95
Sun Nov 1 2015,Chicago Bulls,92,Orlando Magic,87
Sun Nov 1 2015,Charlotte Hornets,92,Atlanta Hawks,94
Sun Nov 1 2015,Los Angeles Lakers,93,Dallas Mavericks,103
Sun Nov 1 2015,Miami Heat,109,Houston Rockets,89
Sun Nov 1 2015,Oklahoma City Thunder,117,Denver Nuggets,93
Sun Nov 1 2015,Toronto Raptors,106,Milwaukee Bucks,87
Mon Nov 2 2015,Brooklyn Nets,96,Milwaukee Bucks,103
Mon Nov 2 2015,Golden State Warriors,119,Memphis Grizzlies,69
Mon Nov 2 2015,Houston Rockets,110,Oklahoma City Thunder,105
Mon Nov 2 2015,Los Angeles Clippers,102,Phoenix Suns,96
Mon Nov 2 2015,Minnesota Timberwolves,101,Portland Trail Blazers,106
Mon Nov 2 2015,New York Knicks,84,San Antonio Spurs,94
Mon Nov 2 2015,Philadelphia 76ers,100,Cleveland Cavaliers,107
Tue Nov 3 2015,Charlotte Hornets,130,Chicago Bulls,105
Tue Nov 3 2015,Dallas Mavericks,91,Toronto Raptors,102
Tue Nov 3 2015,Detroit Pistons,82,Indiana Pacers,94
Tue Nov 3 2015,Los Angeles Lakers,109,Denver Nuggets,120
Tue Nov 3 2015,Miami Heat,92,Atlanta Hawks,98
Tue Nov 3 2015,New Orleans Pelicans,94,Orlando Magic,103
Tue Nov 3 2015,Sacramento Kings,89,Memphis Grizzlies,103
Wed Nov 4 2015,Atlanta Hawks,101,Brooklyn Nets,87
Wed Nov 4 2015,Cleveland Cavaliers,96,New York Knicks,86
Wed Nov 4 2015,Golden State Warriors,112,Los Angeles Clippers,108
Wed Nov 4 2015,Houston Rockets,119,Orlando Magic,114
Wed Nov 4 2015,Indiana Pacers,100,Boston Celtics,98
Wed Nov 4 2015,Milwaukee Bucks,91,Philadelphia 76ers,87
Wed Nov 4 2015,Oklahoma City Thunder,98,Toronto Raptors,103
Wed Nov 4 2015,Phoenix Suns,118,Sacramento Kings,97
Wed Nov 4 2015,Utah Jazz,92,Portland Trail Blazers,108
Wed Nov 4 2015,Washington Wizards,102,San Antonio Spurs,99
Thu Nov 5 2015,Chicago Bulls,104,Oklahoma City Thunder,98
Thu Nov 5 2015,Dallas Mavericks,94,Charlotte Hornets,108
Thu Nov 5 2015,Denver Nuggets,84,Utah Jazz,96
Thu Nov 5 2015,Minnesota Timberwolves,84,Miami Heat,96
Thu Nov 5 2015,Portland Trail Blazers,115,Memphis Grizzlies,96
Fri Nov 6 2015,Boston Celtics,118,Washington Wizards,98
Fri Nov 6 2015,Brooklyn Nets,98,Los Angeles Lakers,104
Fri Nov 6 2015,Cleveland Cavaliers,108,Philadelphia 76ers,102
Fri Nov 6 2015,Golden State Warriors,119,Denver Nuggets,104
Fri Nov 6 2015,Indiana Pacers,90,Miami Heat,87
Fri Nov 6 2015,New Orleans Pelicans,115,Atlanta Hawks,121
Fri Nov 6 2015,New York Knicks,92,Milwaukee Bucks,99
Fri Nov 6 2015,Orlando Magic,92,Toronto Raptors,87
Fri Nov 6 2015,Phoenix Suns,92,Detroit Pistons,100
Fri Nov 6 2015,Sacramento Kings,110,Houston Rockets,116
Sat Nov 7 2015,Atlanta Hawks,114,Washington Wizards,99
Sat Nov 7 2015,Chicago Bulls,93,Minnesota Timberwolves,102
Sat Nov 7 2015,Dallas Mavericks,107,New Orleans Pelicans,98
Sat Nov 7 2015,Los Angeles Clippers,105,Houston Rockets,109
Sat Nov 7 2015,Milwaukee Bucks,94,Brooklyn Nets,86
Sat Nov 7 2015,Philadelphia 76ers,97,Orlando Magic,105
Sat Nov 7 2015,Sacramento Kings,94,Golden State Warriors,103
Sat Nov 7 2015,San Antonio Spurs,114,Charlotte Hornets,94
Sat Nov 7 2015,Utah Jazz,89,Memphis Grizzlies,79
Sun Nov 8 2015,Cleveland Cavaliers,101,Indiana Pacers,97
Sun Nov 8 2015,Miami Heat,96,Toronto Raptors,76
Sun Nov 8 2015,New York Knicks,99,Los Angeles Lakers,95
Sun Nov 8 2015,Oklahoma City Thunder,124,Phoenix Suns,103
Sun Nov 8 2015,Portland Trail Blazers,103,Detroit Pistons,120
Mon Nov 9 2015,Atlanta Hawks,107,Minnesota Timberwolves,117
Mon Nov 9 2015,Denver Nuggets,108,Portland Trail Blazers,104
Mon Nov 9 2015,Golden State Warriors,109,Detroit Pistons,95
Mon Nov 9 2015,Indiana Pacers,97,Orlando Magic,84
Mon Nov 9 2015,Los Angeles Clippers,94,Memphis Grizzlies,92
Mon Nov 9 2015,Philadelphia 76ers,88,Chicago Bulls,111
Mon Nov 9 2015,Sacramento Kings,88,San Antonio Spurs,106
Tue Nov 10 2015,Cleveland Cavaliers,118,Utah Jazz,114
Tue Nov 10 2015,Miami Heat,101,Los Angeles Lakers,88
Tue Nov 10 2015,Milwaukee Bucks,83,Boston Celtics,99
Tue Nov 10 2015,Minnesota Timberwolves,95,Charlotte Hornets,104
Tue Nov 10 2015,New Orleans Pelicans,120,Dallas Mavericks,105
Tue Nov 10 2015,Toronto Raptors,109,New York Knicks,111
Tue Nov 10 2015,Washington Wizards,101,Oklahoma City Thunder,125
Wed Nov 11 2015,Atlanta Hawks,106,New Orleans Pelicans,98
Wed Nov 11 2015,Boston Celtics,91,Indiana Pacers,102
Wed Nov 11 2015,Charlotte Hornets,95,New York Knicks,93
Wed Nov 11 2015,Dallas Mavericks,118,Los Angeles Clippers,108
Wed Nov 11 2015,Denver Nuggets,103,Milwaukee Bucks,102
Wed Nov 11 2015,Houston Rockets,98,Brooklyn Nets,106
Wed Nov 11 2015,Memphis Grizzlies,84,Golden State Warriors,100
Wed Nov 11 2015,Orlando Magic,101,Los Angeles Lakers,99
Wed Nov 11 2015,Philadelphia 76ers,103,Toronto Raptors,119
Wed Nov 11 2015,Portland Trail Blazers,101,San Antonio Spurs,113
Wed Nov 11 2015,Sacramento Kings,101,Detroit Pistons,92
Thu Nov 12 2015,Miami Heat,92,Utah Jazz,91
Thu Nov 12 2015,Minnesota Timberwolves,116,Golden State Warriors,129
Thu Nov 12 2015,Phoenix Suns,118,Los Angeles Clippers,104
Fri Nov 13 2015,Boston Celtics,106,Atlanta Hawks,93
Fri Nov 13 2015,Chicago Bulls,102,Charlotte Hornets,97
Fri Nov 13 2015,Dallas Mavericks,90,Los Angeles Lakers,82
Fri Nov 13 2015,Denver Nuggets,107,Houston Rockets,98
Fri Nov 13 2015,Indiana Pacers,107,Minnesota Timberwolves,103
Fri Nov 13 2015,Memphis Grizzlies,101,Portland Trail Blazers,100
Fri Nov 13 2015,New York Knicks,84,Cleveland Cavaliers,90
Fri Nov 13 2015,Oklahoma City Thunder,102,Philadelphia 76ers,85
Fri Nov 13 2015,Orlando Magic,102,Utah Jazz,93
Fri Nov 13 2015,Sacramento Kings,111,Brooklyn Nets,109
Fri Nov 13 2015,Toronto Raptors,100,New Orleans Pelicans,81
Sat Nov 14 2015,Golden State Warriors,107,Brooklyn Nets,99
Sat Nov 14 2015,Houston Rockets,98,Dallas Mavericks,110
Sat Nov 14 2015,Los Angeles Clippers,101,Detroit Pistons,96
Sat Nov 14 2015,Milwaukee Bucks,108,Cleveland Cavaliers,105
Sat Nov 14 2015,Phoenix Suns,105,Denver Nuggets,81
Sat Nov 14 2015,San Antonio Spurs,92,Philadelphia 76ers,83
Sat Nov 14 2015,Washington Wizards,108,Orlando Magic,99
Sun Nov 15 2015,Atlanta Hawks,96,Utah Jazz,97
Sun Nov 15 2015,Charlotte Hornets,106,Portland Trail Blazers,94
Sun Nov 15 2015,Los Angeles Lakers,97,Detroit Pistons,85
Sun Nov 15 2015,Minnesota Timberwolves,106,Memphis Grizzlies,114
Sun Nov 15 2015,New York Knicks,95,New Orleans Pelicans,87
Sun Nov 15 2015,Oklahoma City Thunder,85,Boston Celtics,100
Sun Nov 15 2015,Sacramento Kings,107,Toronto Raptors,101
Mon Nov 16 2015,Chicago Bulls,96,Indiana Pacers,95
Mon Nov 16 2015,Houston Rockets,95,Boston Celtics,111
Mon Nov 16 2015,Memphis Grizzlies,122,Oklahoma City Thunder,114
Mon Nov 16 2015,Philadelphia 76ers,86,Dallas Mavericks,92
Mon Nov 16 2015,Phoenix Suns,120,Los Angeles Lakers,101
Mon Nov 16 2015,San Antonio Spurs,93,Portland Trail Blazers,80
Tue Nov 17 2015,Brooklyn Nets,90,Atlanta Hawks,88
Tue Nov 17 2015,Detroit Pistons,104,Cleveland Cavaliers,99
Tue Nov 17 2015,Golden State Warriors,115,Toronto Raptors,110
Tue Nov 17 2015,Miami Heat,91,Minnesota Timberwolves,103
Tue Nov 17 2015,New Orleans Pelicans,98,Denver Nuggets,115
Tue Nov 17 2015,New York Knicks,102,Charlotte Hornets,94
Tue Nov 17 2015,Washington Wizards,115,Milwaukee Bucks,86
Wed Nov 18 2015,Atlanta Hawks,103,Sacramento Kings,97
Wed Nov 18 2015,Boston Celtics,102,Dallas Mavericks,106
Wed Nov 18 2015,Charlotte Hornets,116,Brooklyn Nets,111
Wed Nov 18 2015,Houston Rockets,108,Portland Trail Blazers,103
Wed Nov 18 2015,Oklahoma City Thunder,110,New Orleans Pelicans,103
Wed Nov 18 2015,Orlando Magic,104,Minnesota Timberwolves,101
Wed Nov 18 2015,Philadelphia 76ers,85,Indiana Pacers,112
Wed Nov 18 2015,Phoenix Suns,97,Chicago Bulls,103
Wed Nov 18 2015,San Antonio Spurs,109,Denver Nuggets,98
Wed Nov 18 2015,Utah Jazz,93,Toronto Raptors,89
Thu Nov 19 2015,Cleveland Cavaliers,115,Milwaukee Bucks,100
Thu Nov 19 2015,Los Angeles Clippers,117,Golden State Warriors,124
Thu Nov 19 2015,Miami Heat,116,Sacramento Kings,109
Fri Nov 20 2015,Boston Celtics,120,Brooklyn Nets,95
Fri Nov 20 2015,Charlotte Hornets,113,Philadelphia 76ers,88
Fri Nov 20 2015,Dallas Mavericks,102,Utah Jazz,93
Fri Nov 20 2015,Denver Nuggets,107,Phoenix Suns,114
Fri Nov 20 2015,Golden State Warriors,106,Chicago Bulls,94
Fri Nov 20 2015,Los Angeles Lakers,91,Toronto Raptors,102
Fri Nov 20 2015,Memphis Grizzlies,96,Houston Rockets,84
Fri Nov 20 2015,Minnesota Timberwolves,86,Detroit Pistons,96
Fri Nov 20 2015,New Orleans Pelicans,104,San Antonio Spurs,90
Fri Nov 20 2015,Oklahoma City Thunder,90,New York Knicks,93
Fri Nov 20 2015,Portland Trail Blazers,102,Los Angeles Clippers,91
Sat Nov 21 2015,Cleveland Cavaliers,109,Atlanta Hawks,97
Sat Nov 21 2015,Detroit Pistons,95,Washington Wizards,97
Sat Nov 21 2015,Houston Rockets,102,New York Knicks,107
Sat Nov 21 2015,Indiana Pacers,123,Milwaukee Bucks,86
Sat Nov 21 2015,Miami Heat,96,Philadelphia 76ers,91
Sat Nov 21 2015,Orlando Magic,91,Sacramento Kings,97
Sat Nov 21 2015,San Antonio Spurs,92,Memphis Grizzlies,82
Sun Nov 22 2015,Brooklyn Nets,111,Boston Celtics,101
Sun Nov 22 2015,Denver Nuggets,105,Golden State Warriors,118
Sun Nov 22 2015,Los Angeles Clippers,80,Toronto Raptors,91
Sun Nov 22 2015,Los Angeles Lakers,93,Portland Trail Blazers,107
Sun Nov 22 2015,New Orleans Pelicans,122,Phoenix Suns,116
Sun Nov 22 2015,Oklahoma City Thunder,117,Dallas Mavericks,114
Mon Nov 23 2015,Charlotte Hornets,127,Sacramento Kings,122
Mon Nov 23 2015,Cleveland Cavaliers,117,Orlando Magic,103
Mon Nov 23 2015,Miami Heat,95,New York Knicks,78
Mon Nov 23 2015,Milwaukee Bucks,109,Detroit Pistons,88
Mon Nov 23 2015,Minnesota Timberwolves,100,Philadelphia 76ers,95
Mon Nov 23 2015,San Antonio Spurs,98,Phoenix Suns,84
Mon Nov 23 2015,Utah Jazz,89,Oklahoma City Thunder,111
Tue Nov 24 2015,Atlanta Hawks,121,Boston Celtics,97
Tue Nov 24 2015,Denver Nuggets,94,Los Angeles Clippers,111
Tue Nov 24 2015,Golden State Warriors,111,Los Angeles Lakers,77
Tue Nov 24 2015,Memphis Grizzlies,110,Dallas Mavericks,96
Tue Nov 24 2015,Portland Trail Blazers,88,Chicago Bulls,93
Tue Nov 24 2015,Washington Wizards,106,Indiana Pacers,123
Wed Nov 25 2015,Boston Celtics,84,Philadelphia 76ers,80
Wed Nov 25 2015,Charlotte Hornets,101,Washington Wizards,87
Wed Nov 25 2015,Detroit Pistons,104,Miami Heat,81
Wed Nov 25 2015,Houston Rockets,93,Memphis Grizzlies,102
Wed Nov 25 2015,Los Angeles Clippers,91,Utah Jazz,102
Wed Nov 25 2015,Milwaukee Bucks,118,Sacramento Kings,129
Wed Nov 25 2015,Minnesota Timberwolves,99,Atlanta Hawks,95
Wed Nov 25 2015,Oklahoma City Thunder,110,Brooklyn Nets,99
Wed Nov 25 2015,Orlando Magic,100,New York Knicks,91
Wed Nov 25 2015,Phoenix Suns,114,New Orleans Pelicans,120
Wed Nov 25 2015,San Antonio Spurs,88,Dallas Mavericks,83
Wed Nov 25 2015,Toronto Raptors,103,Cleveland Cavaliers,99
Fri Nov 27 2015,Boston Celtics,111,Washington Wizards,78
Fri Nov 27 2015,Charlotte Hornets,90,Cleveland Cavaliers,95
Fri Nov 27 2015,Denver Nuggets,80,San Antonio Spurs,91
Fri Nov 27 2015,Houston Rockets,116,Philadelphia 76ers,114
Fri Nov 27 2015,Indiana Pacers,104,Chicago Bulls,92
Fri Nov 27 2015,Los Angeles Clippers,111,New Orleans Pelicans,90
Fri Nov 27 2015,Memphis Grizzlies,101,Atlanta Hawks,116
Fri Nov 27 2015,New York Knicks,78,Miami Heat,97
Fri Nov 27 2015,Oklahoma City Thunder,103,Detroit Pistons,87
Fri Nov 27 2015,Orlando Magic,114,Milwaukee Bucks,90
Fri Nov 27 2015,Phoenix Suns,116,Golden State Warriors,135
Fri Nov 27 2015,Sacramento Kings,91,Minnesota Timberwolves,101
Sat Nov 28 2015,Cleveland Cavaliers,90,Brooklyn Nets,88
Sat Nov 28 2015,Dallas Mavericks,92,Denver Nuggets,81
Sat Nov 28 2015,Golden State Warriors,120,Sacramento Kings,101
Sat Nov 28 2015,Portland Trail Blazers,108,Los Angeles Lakers,96
Sat Nov 28 2015,San Antonio Spurs,108,Atlanta Hawks,88
Sat Nov 28 2015,Utah Jazz,101,New Orleans Pelicans,87
Sat Nov 28 2015,Washington Wizards,82,Toronto Raptors,84
Sun Nov 29 2015,Brooklyn Nets,87,Detroit Pistons,83
Sun Nov 29 2015,Charlotte Hornets,87,Milwaukee Bucks,82
Sun Nov 29 2015,Los Angeles Clippers,107,Minnesota Timberwolves,99
Sun Nov 29 2015,Los Angeles Lakers,103,Indiana Pacers,107
Sun Nov 29 2015,Memphis Grizzlies,92,Philadelphia 76ers,84
Sun Nov 29 2015,New York Knicks,111,Houston Rockets,116
Sun Nov 29 2015,Orlando Magic,110,Boston Celtics,91
Sun Nov 29 2015,Toronto Raptors,102,Phoenix Suns,107
Mon Nov 30 2015,Atlanta Hawks,106,Oklahoma City Thunder,100
Mon Nov 30 2015,Chicago Bulls,92,San Antonio Spurs,89
Mon Nov 30 2015,Detroit Pistons,116,Houston Rockets,105
Mon Nov 30 2015,Los Angeles Clippers,102,Portland Trail Blazers,87
Mon Nov 30 2015,Miami Heat,95,Boston Celtics,105
Mon Nov 30 2015,Milwaukee Bucks,92,Denver Nuggets,74
Mon Nov 30 2015,Sacramento Kings,112,Dallas Mavericks,98
Mon Nov 30 2015,Utah Jazz,103,Golden State Warriors,106
Tue Dec 1 2015,Brooklyn Nets,94,Phoenix Suns,91
Tue Dec 1 2015,Cleveland Cavaliers,85,Washington Wizards,97
Tue Dec 1 2015,Minnesota Timberwolves,93,Orlando Magic,96
Tue Dec 1 2015,New Orleans Pelicans,104,Memphis Grizzlies,113
Tue Dec 1 2015,Philadelphia 76ers,103,Los Angeles Lakers,91
Tue Dec 1 2015,Portland Trail Blazers,112,Dallas Mavericks,115
Wed Dec 2 2015,Atlanta Hawks,86,Toronto Raptors,96
Wed Dec 2 2015,Chicago Bulls,99,Denver Nuggets,90
Wed Dec 2 2015,Charlotte Hornets,99,Golden State Warriors,116
Wed Dec 2 2015,Detroit Pistons,127,Phoenix Suns,122
Wed Dec 2 2015,Houston Rockets,108,New Orleans Pelicans,101
Wed Dec 2 2015,Los Angeles Clippers,91,Indiana Pacers,103
Wed Dec 2 2015,New York Knicks,99,Philadelphia 76ers,87
Wed Dec 2 2015,San Antonio Spurs,95,Milwaukee Bucks,70
Wed Dec 2 2015,Washington Wizards,104,Los Angeles Lakers,108
Thu Dec 3 2015,Memphis Grizzlies,83,San Antonio Spurs,103
Thu Dec 3 2015,Miami Heat,97,Oklahoma City Thunder,95
Thu Dec 3 2015,Portland Trail Blazers,123,Indiana Pacers,111
Thu Dec 3 2015,Sacramento Kings,97,Boston Celtics,114
Thu Dec 3 2015,Toronto Raptors,105,Denver Nuggets,106
Thu Dec 3 2015,Utah Jazz,94,Orlando Magic,103
Fri Dec 4 2015,Atlanta Hawks,100,Los Angeles Lakers,87
Fri Dec 4 2015,Dallas Mavericks,96,Houston Rockets,100
Fri Dec 4 2015,Detroit Pistons,102,Milwaukee Bucks,95
Fri Dec 4 2015,New Orleans Pelicans,114,Cleveland Cavaliers,108
Fri Dec 4 2015,New York Knicks,108,Brooklyn Nets,91
Fri Dec 4 2015,Washington Wizards,109,Phoenix Suns,106
Sat Dec 5 2015,Chicago Bulls,96,Charlotte Hornets,102
Sat Dec 5 2015,Houston Rockets,120,Sacramento Kings,113
Sat Dec 5 2015,Los Angeles Clippers,103,Orlando Magic,101
Sat Dec 5 2015,Miami Heat,99,Cleveland Cavaliers,84
Sat Dec 5 2015,Milwaukee Bucks,106,New York Knicks,91
Sat Dec 5 2015,Minnesota Timberwolves,103,Portland Trail Blazers,109
Sat Dec 5 2015,Philadelphia 76ers,105,Denver Nuggets,108
Sat Dec 5 2015,San Antonio Spurs,108,Boston Celtics,105
Sat Dec 5 2015,Toronto Raptors,109,Golden State Warriors,112
Sat Dec 5 2015,Utah Jazz,122,Indiana Pacers,119
Sun Dec 6 2015,Brooklyn Nets,98,Golden State Warriors,114
Sun Dec 6 2015,Detroit Pistons,111,Los Angeles Lakers,91
Sun Dec 6 2015,Memphis Grizzlies,95,Phoenix Suns,93
Sun Dec 6 2015,Oklahoma City Thunder,98,Sacramento Kings,95
Sun Dec 6 2015,Washington Wizards,104,Dallas Mavericks,116
Mon Dec 7 2015,Chicago Bulls,101,Phoenix Suns,103
Mon Dec 7 2015,Charlotte Hornets,104,Detroit Pistons,84
Mon Dec 7 2015,Miami Heat,103,Washington Wizards,114
Mon Dec 7 2015,Milwaukee Bucks,90,Portland Trail Blazers,88
Mon Dec 7 2015,Minnesota Timberwolves,106,Los Angeles Clippers,110
Mon Dec 7 2015,New Orleans Pelicans,93,Boston Celtics,111
Mon Dec 7 2015,New York Knicks,97,Dallas Mavericks,104
Mon Dec 7 2015,Philadelphia 76ers,68,San Antonio Spurs,119
Mon Dec 7 2015,Toronto Raptors,102,Los Angeles Lakers,93
Tue Dec 8 2015,Brooklyn Nets,110,Houston Rockets,105
Tue Dec 8 2015,Cleveland Cavaliers,105,Portland Trail Blazers,100
Tue Dec 8 2015,Denver Nuggets,74,Orlando Magic,85
Tue Dec 8 2015,Indiana Pacers,123,Golden State Warriors,131
Tue Dec 8 2015,Memphis Grizzlies,88,Oklahoma City Thunder,125
Tue Dec 8 2015,Sacramento Kings,114,Utah Jazz,106
Wed Dec 9 2015,Boston Celtics,105,Chicago Bulls,100
Wed Dec 9 2015,Charlotte Hornets,99,Miami Heat,81
Wed Dec 9 2015,Dallas Mavericks,95,Atlanta Hawks,98
Wed Dec 9 2015,Detroit Pistons,92,Memphis Grizzlies,93
Wed Dec 9 2015,Milwaukee Bucks,95,Los Angeles Clippers,109
Wed Dec 9 2015,Minnesota Timberwolves,123,Los Angeles Lakers,122
Wed Dec 9 2015,Phoenix Suns,107,Orlando Magic,104
Wed Dec 9 2015,Toronto Raptors,97,San Antonio Spurs,94
Wed Dec 9 2015,Utah Jazz,106,New York Knicks,85
Wed Dec 9 2015,Washington Wizards,103,Houston Rockets,109
Thu Dec 10 2015,Brooklyn Nets,100,Philadelphia 76ers,91
Thu Dec 10 2015,Chicago Bulls,83,Los Angeles Clippers,80
Thu Dec 10 2015,Oklahoma City Thunder,107,Atlanta Hawks,94
Thu Dec 10 2015,Sacramento Kings,99,New York Knicks,97
Fri Dec 11 2015,Boston Celtics,119,Golden State Warriors,124
Fri Dec 11 2015,Denver Nuggets,111,Minnesota Timberwolves,108
Fri Dec 11 2015,Indiana Pacers,96,Miami Heat,83
Fri Dec 11 2015,Memphis Grizzlies,99,Charlotte Hornets,123
Fri Dec 11 2015,New Orleans Pelicans,107,Washington Wizards,105
Fri Dec 11 2015,Orlando Magic,76,Cleveland Cavaliers,111
Fri Dec 11 2015,Philadelphia 76ers,95,Detroit Pistons,107
Fri Dec 11 2015,Phoenix Suns,96,Portland Trail Blazers,106
Fri Dec 11 2015,San Antonio Spurs,109,Los Angeles Lakers,87
Fri Dec 11 2015,Toronto Raptors,90,Milwaukee Bucks,83
Fri Dec 11 2015,Utah Jazz,90,Oklahoma City Thunder,94
Sat Dec 12 2015,Atlanta Hawks,78,San Antonio Spurs,103
Sat Dec 12 2015,Brooklyn Nets,100,Los Angeles Clippers,105
Sat Dec 12 2015,Chicago Bulls,98,New Orleans Pelicans,94
Sat Dec 12 2015,Charlotte Hornets,93,Boston Celtics,98
Sat Dec 12 2015,Dallas Mavericks,111,Washington Wizards,114
Sat Dec 12 2015,Detroit Pistons,118,Indiana Pacers,96
Sat Dec 12 2015,Houston Rockets,126,Los Angeles Lakers,97
Sat Dec 12 2015,Milwaukee Bucks,108,Golden State Warriors,95
Sat Dec 12 2015,Portland Trail Blazers,110,New York Knicks,112
Sun Dec 13 2015,Miami Heat,100,Memphis Grizzlies,97
Sun Dec 13 2015,Oklahoma City Thunder,104,Utah Jazz,98
Sun Dec 13 2015,Phoenix Suns,108,Minnesota Timberwolves,101
Sun Dec 13 2015,Toronto Raptors,96,Philadelphia 76ers,76
Mon Dec 14 2015,Atlanta Hawks,88,Miami Heat,100
Mon Dec 14 2015,Brooklyn Nets,82,Orlando Magic,105
Mon Dec 14 2015,Chicago Bulls,115,Philadelphia 76ers,96
Mon Dec 14 2015,Dallas Mavericks,104,Phoenix Suns,94
Mon Dec 14 2015,Denver Nuggets,114,Houston Rockets,108
Mon Dec 14 2015,Detroit Pistons,103,Los Angeles Clippers,105
Mon Dec 14 2015,Indiana Pacers,106,Toronto Raptors,90
Mon Dec 14 2015,Memphis Grizzlies,112,Washington Wizards,95
Mon Dec 14 2015,Portland Trail Blazers,105,New Orleans Pelicans,101
Mon Dec 14 2015,San Antonio Spurs,118,Utah Jazz,81
Tue Dec 15 2015,Boston Celtics,77,Cleveland Cavaliers,89
Tue Dec 15 2015,Los Angeles Lakers,113,Milwaukee Bucks,95
Tue Dec 15 2015,Minnesota Timberwolves,100,Denver Nuggets,112
Tue Dec 15 2015,Sacramento Kings,107,Houston Rockets,97
Wed Dec 16 2015,Atlanta Hawks,127,Philadelphia 76ers,106
Wed Dec 16 2015,Brooklyn Nets,98,Miami Heat,104
Wed Dec 16 2015,Chicago Bulls,98,Memphis Grizzlies,85
Wed Dec 16 2015,Detroit Pistons,119,Boston Celtics,116
Wed Dec 16 2015,Golden State Warriors,128,Phoenix Suns,103
Wed Dec 16 2015,Indiana Pacers,107,Dallas Mavericks,81
Wed Dec 16 2015,Los Angeles Clippers,103,Milwaukee Bucks,90
Wed Dec 16 2015,New York Knicks,107,Minnesota Timberwolves,102
Wed Dec 16 2015,Oklahoma City Thunder,106,Portland Trail Blazers,90
Wed Dec 16 2015,Orlando Magic,113,Charlotte Hornets,98
Wed Dec 16 2015,San Antonio Spurs,114,Washington Wizards,95
Wed Dec 16 2015,Utah Jazz,94,New Orleans Pelicans,104
Thu Dec 17 2015,Charlotte Hornets,109,Toronto Raptors,99
Thu Dec 17 2015,Cleveland Cavaliers,104,Oklahoma City Thunder,100
Thu Dec 17 2015,Los Angeles Lakers,87,Houston Rockets,107
Fri Dec 18 2015,Boston Celtics,101,Atlanta Hawks,109
Fri Dec 18 2015,Chicago Bulls,144,Detroit Pistons,147
Fri Dec 18 2015,Dallas Mavericks,97,Memphis Grizzlies,88
Fri Dec 18 2015,Golden State Warriors,121,Milwaukee Bucks,112
Fri Dec 18 2015,Indiana Pacers,104,Brooklyn Nets,97
Fri Dec 18 2015,Miami Heat,94,Toronto Raptors,108
Fri Dec 18 2015,Minnesota Timberwolves,99,Sacramento Kings,95
Fri Dec 18 2015,Orlando Magic,102,Portland Trail Blazers,94
Fri Dec 18 2015,Philadelphia 76ers,97,New York Knicks,107
Fri Dec 18 2015,Phoenix Suns,104,New Orleans Pelicans,88
Fri Dec 18 2015,San Antonio Spurs,115,Los Angeles Clippers,107
Fri Dec 18 2015,Utah Jazz,97,Denver Nuggets,88
Sat Dec 19 2015,Houston Rockets,107,Los Angeles Clippers,97
Sat Dec 19 2015,Memphis Grizzlies,96,Indiana Pacers,84
Sat Dec 19 2015,New York Knicks,107,Chicago Bulls,91
Sat Dec 19 2015,Oklahoma City Thunder,118,Los Angeles Lakers,78
Sat Dec 19 2015,Washington Wizards,109,Charlotte Hornets,101
Sun Dec 20 2015,Brooklyn Nets,85,Minnesota Timberwolves,100
Sun Dec 20 2015,Cleveland Cavaliers,108,Philadelphia 76ers,86
Sun Dec 20 2015,Denver Nuggets,125,New Orleans Pelicans,130
Sun Dec 20 2015,Miami Heat,116,Portland Trail Blazers,109
Sun Dec 20 2015,Orlando Magic,100,Atlanta Hawks,103
Sun Dec 20 2015,Phoenix Suns,95,Milwaukee Bucks,101
Sun Dec 20 2015,Toronto Raptors,94,Sacramento Kings,104
Mon Dec 21 2015,Atlanta Hawks,106,Portland Trail Blazers,97
Mon Dec 21 2015,Boston Celtics,113,Minnesota Timberwolves,99
Mon Dec 21 2015,Chicago Bulls,102,Brooklyn Nets,105
Mon Dec 21 2015,Houston Rockets,102,Charlotte Hornets,95
Mon Dec 21 2015,Los Angeles Clippers,99,Oklahoma City Thunder,100
Mon Dec 21 2015,New York Knicks,99,Orlando Magic,107
Mon Dec 21 2015,San Antonio Spurs,106,Indiana Pacers,92
Mon Dec 21 2015,Utah Jazz,110,Phoenix Suns,89
Mon Dec 21 2015,Washington Wizards,113,Sacramento Kings,99
Tue Dec 22 2015,Denver Nuggets,107,Los Angeles Lakers,111
Tue Dec 22 2015,Miami Heat,92,Detroit Pistons,93
Tue Dec 22 2015,Philadelphia 76ers,90,Memphis Grizzlies,104
Tue Dec 22 2015,Toronto Raptors,103,Dallas Mavericks,99
Wed Dec 23 2015,Atlanta Hawks,107,Detroit Pistons,100
Wed Dec 23 2015,Brooklyn Nets,118,Dallas Mavericks,119
Wed Dec 23 2015,Charlotte Hornets,89,Boston Celtics,102
Wed Dec 23 2015,Cleveland Cavaliers,91,New York Knicks,84
Wed Dec 23 2015,Golden State Warriors,103,Utah Jazz,85
Wed Dec 23 2015,Indiana Pacers,106,Sacramento Kings,108
Wed Dec 23 2015,Los Angeles Lakers,85,Oklahoma City Thunder,120
Wed Dec 23 2015,Milwaukee Bucks,113,Philadelphia 76ers,100
Wed Dec 23 2015,Minnesota Timberwolves,83,San Antonio Spurs,108
Wed Dec 23 2015,New Orleans Pelicans,115,Portland Trail Blazers,89
Wed Dec 23 2015,Orlando Magic,104,Houston Rockets,101
Wed Dec 23 2015,Phoenix Suns,96,Denver Nuggets,104
Wed Dec 23 2015,Washington Wizards,100,Memphis Grizzlies,91
Fri Dec 25 2015,Golden State Warriors,89,Cleveland Cavaliers,83
Fri Dec 25 2015,Houston Rockets,88,San Antonio Spurs,84
Fri Dec 25 2015,Los Angeles Lakers,84,Los Angeles Clippers,94
Fri Dec 25 2015,Miami Heat,94,New Orleans Pelicans,88
Fri Dec 25 2015,Oklahoma City Thunder,96,Chicago Bulls,105
Sat Dec 26 2015,Atlanta Hawks,117,New York Knicks,98
Sat Dec 26 2015,Brooklyn Nets,96,Washington Wizards,111
Sat Dec 26 2015,Charlotte Hornets,98,Memphis Grizzlies,92
Sat Dec 26 2015,Dallas Mavericks,118,Chicago Bulls,111
Sat Dec 26 2015,Detroit Pistons,93,Boston Celtics,99
Sat Dec 26 2015,Milwaukee Bucks,90,Toronto Raptors,111
Sat Dec 26 2015,Minnesota Timberwolves,88,Indiana Pacers,102
Sat Dec 26 2015,New Orleans Pelicans,110,Houston Rockets,108
Sat Dec 26 2015,Orlando Magic,101,Miami Heat,108
Sat Dec 26 2015,Phoenix Suns,104,Philadelphia 76ers,111
Sat Dec 26 2015,Portland Trail Blazers,105,Cleveland Cavaliers,76
Sat Dec 26 2015,San Antonio Spurs,101,Denver Nuggets,86
Sat Dec 26 2015,Utah Jazz,104,Los Angeles Clippers,109
Sun Dec 27 2015,Boston Celtics,100,New York Knicks,91
Sun Dec 27 2015,Memphis Grizzlies,112,Los Angeles Lakers,96
Sun Dec 27 2015,Oklahoma City Thunder,122,Denver Nuggets,112
Sun Dec 27 2015,Sacramento Kings,94,Portland Trail Blazers,98
Mon Dec 28 2015,Chicago Bulls,104,Toronto Raptors,97
Mon Dec 28 2015,Charlotte Hornets,108,Los Angeles Lakers,98
Mon Dec 28 2015,Dallas Mavericks,103,Milwaukee Bucks,93
Mon Dec 28 2015,Golden State Warriors,122,Sacramento Kings,103
Mon Dec 28 2015,Indiana Pacers,93,Atlanta Hawks,87
Mon Dec 28 2015,Miami Heat,105,Brooklyn Nets,111
Mon Dec 28 2015,Orlando Magic,104,New Orleans Pelicans,89
Mon Dec 28 2015,Phoenix Suns,97,Cleveland Cavaliers,101
Mon Dec 28 2015,San Antonio Spurs,101,Minnesota Timberwolves,95
Mon Dec 28 2015,Utah Jazz,95,Philadelphia 76ers,91
Mon Dec 28 2015,Washington Wizards,91,Los Angeles Clippers,108
Tue Dec 29 2015,Denver Nuggets,87,Cleveland Cavaliers,93
Tue Dec 29 2015,Houston Rockets,115,Atlanta Hawks,121
Tue Dec 29 2015,Memphis Grizzlies,99,Miami Heat,90
Tue Dec 29 2015,New York Knicks,108,Detroit Pistons,96
Tue Dec 29 2015,Oklahoma City Thunder,131,Milwaukee Bucks,123
Wed Dec 30 2015,Boston Celtics,104,Los Angeles Lakers,112
Wed Dec 30 2015,Chicago Bulls,102,Indiana Pacers,100
Wed Dec 30 2015,Charlotte Hornets,117,Los Angeles Clippers,122
Wed Dec 30 2015,Dallas Mavericks,114,Golden State Warriors,91
Wed Dec 30 2015,Minnesota Timberwolves,94,Utah Jazz,80
Wed Dec 30 2015,Orlando Magic,100,Brooklyn Nets,93
Wed Dec 30 2015,Portland Trail Blazers,110,Denver Nuggets,103
Wed Dec 30 2015,Sacramento Kings,105,Philadelphia 76ers,110
Wed Dec 30 2015,San Antonio Spurs,112,Phoenix Suns,79
Wed Dec 30 2015,Toronto Raptors,94,Washington Wizards,91
Thu Dec 31 2015,Detroit Pistons,115,Minnesota Timberwolves,90
Thu Dec 31 2015,Houston Rockets,110,Golden State Warriors,114
Thu Dec 31 2015,Indiana Pacers,116,Milwaukee Bucks,120
Thu Dec 31 2015,New Orleans Pelicans,89,Los Angeles Clippers,95
Thu Dec 31 2015,Oklahoma City Thunder,110,Phoenix Suns,106
Thu Dec 31 2015,Utah Jazz,109,Portland Trail Blazers,96
Fri Jan 1 2016,Chicago Bulls,108,New York Knicks,81
Fri Jan 1 2016,Los Angeles Lakers,93,Philadelphia 76ers,84
Fri Jan 1 2016,Miami Heat,106,Dallas Mavericks,82
Fri Jan 1 2016,Toronto Raptors,104,Charlotte Hornets,94
Fri Jan 1 2016,Washington Wizards,103,Orlando Magic,91
Sat Jan 2 2016,Boston Celtics,97,Brooklyn Nets,100
Sat Jan 2 2016,Charlotte Hornets,90,Oklahoma City Thunder,109
Sat Jan 2 2016,Cleveland Cavaliers,104,Orlando Magic,79
Sat Jan 2 2016,Dallas Mavericks,98,New Orleans Pelicans,105
Sat Jan 2 2016,Golden State Warriors,111,Denver Nuggets,108
Sat Jan 2 2016,Indiana Pacers,94,Detroit Pistons,82
Sat Jan 2 2016,Los Angeles Clippers,130,Philadelphia 76ers,99
Sat Jan 2 2016,Minnesota Timberwolves,85,Milwaukee Bucks,95
Sat Jan 2 2016,Sacramento Kings,142,Phoenix Suns,119
Sat Jan 2 2016,San Antonio Spurs,121,Houston Rockets,103
Sat Jan 2 2016,Utah Jazz,92,Memphis Grizzlies,87
Sun Jan 3 2016,Denver Nuggets,106,Portland Trail Blazers,112
Sun Jan 3 2016,Los Angeles Lakers,97,Phoenix Suns,77
Sun Jan 3 2016,New York Knicks,111,Atlanta Hawks,97
Sun Jan 3 2016,Toronto Raptors,113,Chicago Bulls,115
Sun Jan 3 2016,Washington Wizards,75,Miami Heat,97
Mon Jan 4 2016,Brooklyn Nets,94,Boston Celtics,103
Mon Jan 4 2016,Cleveland Cavaliers,122,Toronto Raptors,100
Mon Jan 4 2016,Detroit Pistons,115,Orlando Magic,89
Mon Jan 4 2016,Golden State Warriors,111,Charlotte Hornets,101
Mon Jan 4 2016,Miami Heat,103,Indiana Pacers,100
Mon Jan 4 2016,Milwaukee Bucks,98,San Antonio Spurs,123
Mon Jan 4 2016,Oklahoma City Thunder,104,Sacramento Kings,116
Mon Jan 4 2016,Philadelphia 76ers,109,Minnesota Timberwolves,99
Mon Jan 4 2016,Portland Trail Blazers,78,Memphis Grizzlies,91
Mon Jan 4 2016,Utah Jazz,91,Houston Rockets,93
Tue Jan 5 2016,Atlanta Hawks,101,New York Knicks,107
Tue Jan 5 2016,Chicago Bulls,117,Milwaukee Bucks,106
Tue Jan 5 2016,Dallas Mavericks,117,Sacramento Kings,116
Tue Jan 5 2016,Los Angeles Lakers,88,Golden State Warriors,109
Wed Jan 6 2016,Boston Celtics,94,Detroit Pistons,99
Wed Jan 6 2016,Brooklyn Nets,74,Toronto Raptors,91
Wed Jan 6 2016,Miami Heat,90,New York Knicks,98
Wed Jan 6 2016,Minnesota Timberwolves,74,Denver Nuggets,78
Wed Jan 6 2016,New Orleans Pelicans,91,Dallas Mavericks,100
Wed Jan 6 2016,Oklahoma City Thunder,112,Memphis Grizzlies,94
Wed Jan 6 2016,Orlando Magic,86,Indiana Pacers,95
Wed Jan 6 2016,Phoenix Suns,111,Charlotte Hornets,102
Wed Jan 6 2016,Portland Trail Blazers,98,Los Angeles Clippers,109
Wed Jan 6 2016,San Antonio Spurs,123,Utah Jazz,98
Wed Jan 6 2016,Washington Wizards,115,Cleveland Cavaliers,121
Thu Jan 7 2016,Chicago Bulls,101,Boston Celtics,92
Thu Jan 7 2016,Houston Rockets,103,Utah Jazz,94
Thu Jan 7 2016,Philadelphia 76ers,98,Atlanta Hawks,126
Thu Jan 7 2016,Sacramento Kings,118,Los Angeles Lakers,115
Fri Jan 8 2016,Brooklyn Nets,77,Orlando Magic,83
Fri Jan 8 2016,Los Angeles Lakers,113,Oklahoma City Thunder,117
Fri Jan 8 2016,Memphis Grizzlies,91,Denver Nuggets,84
Fri Jan 8 2016,Milwaukee Bucks,96,Dallas Mavericks,95
Fri Jan 8 2016,Minnesota Timberwolves,99,Cleveland Cavaliers,125
Fri Jan 8 2016,New Orleans Pelicans,86,Indiana Pacers,91
Fri Jan 8 2016,Phoenix Suns,95,Miami Heat,103
Fri Jan 8 2016,Portland Trail Blazers,108,Golden State Warriors,128
Fri Jan 8 2016,San Antonio Spurs,100,New York Knicks,99
Fri Jan 8 2016,Washington Wizards,88,Toronto Raptors,97
Sat Jan 9 2016,Atlanta Hawks,120,Chicago Bulls,105
Sat Jan 9 2016,Detroit Pistons,103,Brooklyn Nets,89
Sat Jan 9 2016,Los Angeles Clippers,97,Charlotte Hornets,83
Sat Jan 9 2016,Orlando Magic,99,Washington Wizards,105
Sat Jan 9 2016,Philadelphia 76ers,95,Toronto Raptors,108
Sat Jan 9 2016,Sacramento Kings,116,Golden State Warriors,128
Sat Jan 9 2016,Utah Jazz,98,Miami Heat,83
Sun Jan 10 2016,Denver Nuggets,95,Charlotte Hornets,92
Sun Jan 10 2016,Houston Rockets,107,Indiana Pacers,103
Sun Jan 10 2016,Los Angeles Clippers,114,New Orleans Pelicans,111
Sun Jan 10 2016,Los Angeles Lakers,74,Utah Jazz,86
Sun Jan 10 2016,Memphis Grizzlies,101,Boston Celtics,98
Sun Jan 10 2016,Minnesota Timberwolves,87,Dallas Mavericks,93
Sun Jan 10 2016,New York Knicks,100,Milwaukee Bucks,88
Sun Jan 10 2016,Philadelphia 76ers,85,Cleveland Cavaliers,95
Sun Jan 10 2016,Portland Trail Blazers,115,Oklahoma City Thunder,110
Mon Jan 11 2016,Brooklyn Nets,79,San Antonio Spurs,106
Mon Jan 11 2016,Chicago Bulls,100,Washington Wizards,114
Mon Jan 11 2016,Golden State Warriors,111,Miami Heat,103
Tue Jan 12 2016,Dallas Mavericks,107,Cleveland Cavaliers,110
Tue Jan 12 2016,Detroit Pistons,99,San Antonio Spurs,109
Tue Jan 12 2016,Indiana Pacers,116,Phoenix Suns,97
Tue Jan 12 2016,Los Angeles Lakers,95,New Orleans Pelicans,91
Tue Jan 12 2016,Memphis Grizzlies,91,Houston Rockets,107
Tue Jan 12 2016,Milwaukee Bucks,106,Chicago Bulls,101
Tue Jan 12 2016,Minnesota Timberwolves,96,Oklahoma City Thunder,101
Tue Jan 12 2016,New York Knicks,120,Boston Celtics,114
Wed Jan 13 2016,Boston Celtics,103,Indiana Pacers,94
Wed Jan 13 2016,Brooklyn Nets,110,New York Knicks,104
Wed Jan 13 2016,Charlotte Hornets,107,Atlanta Hawks,84
Wed Jan 13 2016,Denver Nuggets,112,Golden State Warriors,110
Wed Jan 13 2016,Houston Rockets,107,Minnesota Timberwolves,104
Wed Jan 13 2016,Los Angeles Clippers,104,Miami Heat,90
Wed Jan 13 2016,Oklahoma City Thunder,108,Dallas Mavericks,89
Wed Jan 13 2016,Portland Trail Blazers,99,Utah Jazz,85
Wed Jan 13 2016,Sacramento Kings,97,New Orleans Pelicans,109
Wed Jan 13 2016,Washington Wizards,106,Milwaukee Bucks,101
Thu Jan 14 2016,Golden State Warriors,116,Los Angeles Lakers,98
Thu Jan 14 2016,Memphis Grizzlies,103,Detroit Pistons,101
Thu Jan 14 2016,Orlando Magic,103,Toronto Raptors,106
Thu Jan 14 2016,Philadelphia 76ers,111,Chicago Bulls,115
Thu Jan 14 2016,San Antonio Spurs,99,Cleveland Cavaliers,95
Thu Jan 14 2016,Utah Jazz,101,Sacramento Kings,103
Fri Jan 15 2016,Boston Celtics,117,Phoenix Suns,103
Fri Jan 15 2016,Brooklyn Nets,104,Portland Trail Blazers,116
Fri Jan 15 2016,Chicago Bulls,77,Dallas Mavericks,83
Fri Jan 15 2016,Denver Nuggets,95,Miami Heat,98
Fri Jan 15 2016,Houston Rockets,77,Cleveland Cavaliers,91
Fri Jan 15 2016,Indiana Pacers,104,Washington Wizards,118
Fri Jan 15 2016,Milwaukee Bucks,108,Atlanta Hawks,101
Fri Jan 15 2016,New Orleans Pelicans,109,Charlotte Hornets,107
Fri Jan 15 2016,Oklahoma City Thunder,113,Minnesota Timberwolves,93
Sat Jan 16 2016,Atlanta Hawks,114,Brooklyn Nets,86
Sat Jan 16 2016,Charlotte Hornets,92,Milwaukee Bucks,105
Sat Jan 16 2016,Detroit Pistons,113,Golden State Warriors,95
Sat Jan 16 2016,Los Angeles Clippers,103,Sacramento Kings,110
Sat Jan 16 2016,Memphis Grizzlies,103,New York Knicks,95
Sat Jan 16 2016,Philadelphia 76ers,114,Portland Trail Blazers,89
Sat Jan 16 2016,Utah Jazz,109,Los Angeles Lakers,82
Sat Jan 16 2016,Washington Wizards,117,Boston Celtics,119
Sun Jan 17 2016,Denver Nuggets,129,Indiana Pacers,126
Sun Jan 17 2016,Los Angeles Lakers,95,Houston Rockets,112
Sun Jan 17 2016,Minnesota Timberwolves,117,Phoenix Suns,87
Sun Jan 17 2016,Oklahoma City Thunder,99,Miami Heat,74
Sun Jan 17 2016,San Antonio Spurs,112,Dallas Mavericks,83
Mon Jan 18 2016,Atlanta Hawks,98,Orlando Magic,81
Mon Jan 18 2016,Charlotte Hornets,124,Utah Jazz,119
Mon Jan 18 2016,Cleveland Cavaliers,98,Golden State Warriors,132
Mon Jan 18 2016,Dallas Mavericks,118,Boston Celtics,113
Mon Jan 18 2016,Detroit Pistons,101,Chicago Bulls,111
Mon Jan 18 2016,Los Angeles Clippers,140,Houston Rockets,132
Mon Jan 18 2016,Memphis Grizzlies,101,New Orleans Pelicans,99
Mon Jan 18 2016,New York Knicks,119,Philadelphia 76ers,113
Mon Jan 18 2016,Toronto Raptors,112,Brooklyn Nets,100
Mon Jan 18 2016,Washington Wizards,98,Portland Trail Blazers,108
Tue Jan 19 2016,Denver Nuggets,104,Oklahoma City Thunder,110
Tue Jan 19 2016,Miami Heat,79,Milwaukee Bucks,91
Tue Jan 19 2016,New Orleans Pelicans,114,Minnesota Timberwolves,99
Tue Jan 19 2016,Phoenix Suns,94,Indiana Pacers,97
Wed Jan 20 2016,Brooklyn Nets,78,Cleveland Cavaliers,91
Wed Jan 20 2016,Chicago Bulls,94,Golden State Warriors,125
Wed Jan 20 2016,Dallas Mavericks,106,Minnesota Timberwolves,94
Wed Jan 20 2016,Houston Rockets,114,Detroit Pistons,123
Wed Jan 20 2016,Los Angeles Lakers,93,Sacramento Kings,112
Wed Jan 20 2016,New York Knicks,118,Utah Jazz,111
Wed Jan 20 2016,Oklahoma City Thunder,109,Charlotte Hornets,95
Wed Jan 20 2016,Orlando Magic,87,Philadelphia 76ers,96
Wed Jan 20 2016,Portland Trail Blazers,98,Atlanta Hawks,104
Wed Jan 20 2016,Toronto Raptors,115,Boston Celtics,109
Wed Jan 20 2016,Washington Wizards,106,Miami Heat,87
Thu Jan 21 2016,Cleveland Cavaliers,115,Los Angeles Clippers,102
Thu Jan 21 2016,Denver Nuggets,101,Memphis Grizzlies,102
Thu Jan 21 2016,New Orleans Pelicans,115,Detroit Pistons,99
Thu Jan 21 2016,Phoenix Suns,89,San Antonio Spurs,117
Thu Jan 21 2016,Sacramento Kings,91,Atlanta Hawks,88
Fri Jan 22 2016,Boston Celtics,110,Chicago Bulls,101
Fri Jan 22 2016,Brooklyn Nets,86,Utah Jazz,108
Fri Jan 22 2016,Dallas Mavericks,106,Oklahoma City Thunder,109
Fri Jan 22 2016,Golden State Warriors,122,Indiana Pacers,110
Fri Jan 22 2016,Houston Rockets,102,Milwaukee Bucks,98
Fri Jan 22 2016,Los Angeles Lakers,95,San Antonio Spurs,108
Fri Jan 22 2016,New York Knicks,88,Los Angeles Clippers,116
Fri Jan 22 2016,Orlando Magic,116,Charlotte Hornets,120
Fri Jan 22 2016,Toronto Raptors,101,Miami Heat,81
Sat Jan 23 2016,Charlotte Hornets,97,New York Knicks,84
Sat Jan 23 2016,Cleveland Cavaliers,83,Chicago Bulls,96
Sat Jan 23 2016,Denver Nuggets,104,Detroit Pistons,101
Sat Jan 23 2016,Minnesota Timberwolves,106,Memphis Grizzlies,101
Sat Jan 23 2016,New Orleans Pelicans,116,Milwaukee Bucks,99
Sat Jan 23 2016,Phoenix Suns,98,Atlanta Hawks,95
Sat Jan 23 2016,Portland Trail Blazers,121,Los Angeles Lakers,103
Sat Jan 23 2016,Sacramento Kings,108,Indiana Pacers,97
Sun Jan 24 2016,Brooklyn Nets,116,Oklahoma City Thunder,106
Sun Jan 24 2016,Houston Rockets,115,Dallas Mavericks,104
Sun Jan 24 2016,Philadelphia 76ers,92,Boston Celtics,112
Sun Jan 24 2016,Toronto Raptors,112,Los Angeles Clippers,94
Mon Jan 25 2016,Chicago Bulls,84,Miami Heat,89
Mon Jan 25 2016,Cleveland Cavaliers,114,Minnesota Timberwolves,107
Mon Jan 25 2016,Denver Nuggets,105,Atlanta Hawks,119
Mon Jan 25 2016,Golden State Warriors,120,San Antonio Spurs,90
Mon Jan 25 2016,Memphis Grizzlies,108,Orlando Magic,102
Mon Jan 25 2016,New Orleans Pelicans,111,Houston Rockets,112
Mon Jan 25 2016,Sacramento Kings,128,Charlotte Hornets,129
Mon Jan 25 2016,Utah Jazz,92,Detroit Pistons,95
Mon Jan 25 2016,Washington Wizards,91,Boston Celtics,116
Tue Jan 26 2016,Brooklyn Nets,98,Miami Heat,102
Tue Jan 26 2016,Indiana Pacers,89,Los Angeles Clippers,91
Tue Jan 26 2016,Los Angeles Lakers,90,Dallas Mavericks,92
Tue Jan 26 2016,Milwaukee Bucks,107,Orlando Magic,100
Tue Jan 26 2016,New York Knicks,122,Oklahoma City Thunder,128
Tue Jan 26 2016,Philadelphia 76ers,113,Phoenix Suns,103
Tue Jan 26 2016,Portland Trail Blazers,112,Sacramento Kings,97
Tue Jan 26 2016,Toronto Raptors,106,Washington Wizards,89
Wed Jan 27 2016,Atlanta Hawks,83,Los Angeles Clippers,85
Wed Jan 27 2016,Boston Celtics,111,Denver Nuggets,103
Wed Jan 27 2016,Cleveland Cavaliers,115,Phoenix Suns,93
Wed Jan 27 2016,Detroit Pistons,110,Philadelphia 76ers,97
Wed Jan 27 2016,Golden State Warriors,127,Dallas Mavericks,107
Wed Jan 27 2016,Minnesota Timberwolves,123,Oklahoma City Thunder,126
Wed Jan 27 2016,San Antonio Spurs,130,Houston Rockets,99
Wed Jan 27 2016,Utah Jazz,102,Charlotte Hornets,73
Thu Jan 28 2016,Indiana Pacers,111,Atlanta Hawks,92
Thu Jan 28 2016,Los Angeles Lakers,91,Chicago Bulls,114
Thu Jan 28 2016,Memphis Grizzlies,103,Milwaukee Bucks,83
Thu Jan 28 2016,New Orleans Pelicans,114,Sacramento Kings,105
Thu Jan 28 2016,Toronto Raptors,103,New York Knicks,93
Thu Jan 28 2016,Washington Wizards,113,Denver Nuggets,117
Fri Jan 29 2016,Boston Celtics,113,Orlando Magic,94
Fri Jan 29 2016,Dallas Mavericks,91,Brooklyn Nets,79
Fri Jan 29 2016,Detroit Pistons,106,Cleveland Cavaliers,114
Fri Jan 29 2016,Los Angeles Clippers,105,Los Angeles Lakers,93
Fri Jan 29 2016,Milwaukee Bucks,103,Miami Heat,107
Fri Jan 29 2016,New York Knicks,102,Phoenix Suns,84
Fri Jan 29 2016,Oklahoma City Thunder,116,Houston Rockets,108
Fri Jan 29 2016,Portland Trail Blazers,109,Charlotte Hornets,91
Fri Jan 29 2016,Utah Jazz,103,Minnesota Timberwolves,90
Sat Jan 30 2016,Cleveland Cavaliers,117,San Antonio Spurs,103
Sat Jan 30 2016,Houston Rockets,122,Washington Wizards,123
Sat Jan 30 2016,Indiana Pacers,109,Denver Nuggets,105
Sat Jan 30 2016,Memphis Grizzlies,121,Sacramento Kings,117
Sat Jan 30 2016,New Orleans Pelicans,105,Brooklyn Nets,103
Sat Jan 30 2016,Philadelphia 76ers,105,Golden State Warriors,108
Sat Jan 30 2016,Toronto Raptors,111,Detroit Pistons,107
Sun Jan 31 2016,Dallas Mavericks,91,Phoenix Suns,78
Sun Jan 31 2016,Los Angeles Clippers,120,Chicago Bulls,93
Sun Jan 31 2016,Los Angeles Lakers,82,Charlotte Hornets,101
Sun Jan 31 2016,Miami Heat,105,Atlanta Hawks,87
Sun Jan 31 2016,New York Knicks,95,Golden State Warriors,116
Sun Jan 31 2016,Orlando Magic,119,Boston Celtics,114
Sun Jan 31 2016,Portland Trail Blazers,96,Minnesota Timberwolves,93
Mon Feb 1 2016,Atlanta Hawks,112,Dallas Mavericks,97
Mon Feb 1 2016,Brooklyn Nets,100,Detroit Pistons,105
Mon Feb 1 2016,Denver Nuggets,112,Toronto Raptors,93
Mon Feb 1 2016,Indiana Pacers,106,Cleveland Cavaliers,111
Mon Feb 1 2016,New Orleans Pelicans,95,Memphis Grizzlies,110
Mon Feb 1 2016,Oklahoma City Thunder,114,Washington Wizards,98
Mon Feb 1 2016,Sacramento Kings,111,Milwaukee Bucks,104
Mon Feb 1 2016,San Antonio Spurs,107,Orlando Magic,92
Mon Feb 1 2016,Utah Jazz,105,Chicago Bulls,96
Tue Feb 2 2016,Houston Rockets,115,Miami Heat,102
Tue Feb 2 2016,Los Angeles Lakers,119,Minnesota Timberwolves,115
Tue Feb 2 2016,New York Knicks,89,Boston Celtics,97
Tue Feb 2 2016,Phoenix Suns,97,Toronto Raptors,104
Tue Feb 2 2016,Portland Trail Blazers,107,Milwaukee Bucks,95
Wed Feb 3 2016,Boston Celtics,102,Detroit Pistons,95
Wed Feb 3 2016,Brooklyn Nets,100,Indiana Pacers,114
Wed Feb 3 2016,Charlotte Hornets,106,Cleveland Cavaliers,97
Wed Feb 3 2016,Dallas Mavericks,90,Miami Heat,93
Wed Feb 3 2016,Los Angeles Clippers,102,Minnesota Timberwolves,108
Wed Feb 3 2016,Oklahoma City Thunder,117,Orlando Magic,114
Wed Feb 3 2016,Philadelphia 76ers,86,Atlanta Hawks,124
Wed Feb 3 2016,Sacramento Kings,102,Chicago Bulls,107
Wed Feb 3 2016,San Antonio Spurs,110,New Orleans Pelicans,97
Wed Feb 3 2016,Utah Jazz,85,Denver Nuggets,81
Wed Feb 3 2016,Washington Wizards,121,Golden State Warriors,134
Thu Feb 4 2016,Detroit Pistons,111,New York Knicks,105
Thu Feb 4 2016,New Orleans Pelicans,96,Los Angeles Lakers,99
Thu Feb 4 2016,Phoenix Suns,105,Houston Rockets,111
Thu Feb 4 2016,Portland Trail Blazers,103,Toronto Raptors,110
Fri Feb 5 2016,Atlanta Hawks,102,Indiana Pacers,96
Fri Feb 5 2016,Brooklyn Nets,128,Sacramento Kings,119
Fri Feb 5 2016,Charlotte Hornets,95,Miami Heat,98
Fri Feb 5 2016,Cleveland Cavaliers,103,Boston Celtics,104
Fri Feb 5 2016,Dallas Mavericks,90,San Antonio Spurs,116
Fri Feb 5 2016,Denver Nuggets,115,Chicago Bulls,110
Fri Feb 5 2016,New York Knicks,85,Memphis Grizzlies,91
Fri Feb 5 2016,Orlando Magic,93,Los Angeles Clippers,107
Fri Feb 5 2016,Utah Jazz,84,Milwaukee Bucks,81
Fri Feb 5 2016,Washington Wizards,106,Philadelphia 76ers,94
Sat Feb 6 2016,Charlotte Hornets,108,Washington Wizards,104
Sat Feb 6 2016,Cleveland Cavaliers,99,New Orleans Pelicans,84
Sat Feb 6 2016,Golden State Warriors,116,Oklahoma City Thunder,108
Sat Feb 6 2016,Houston Rockets,79,Portland Trail Blazers,96
Sat Feb 6 2016,Indiana Pacers,112,Detroit Pistons,104
Sat Feb 6 2016,Memphis Grizzlies,110,Dallas Mavericks,114
Sat Feb 6 2016,Minnesota Timberwolves,112,Chicago Bulls,105
Sat Feb 6 2016,Philadelphia 76ers,103,Brooklyn Nets,98
Sat Feb 6 2016,Phoenix Suns,89,Utah Jazz,98
Sat Feb 6 2016,San Antonio Spurs,106,Los Angeles Lakers,102
Sun Feb 7 2016,Boston Celtics,128,Sacramento Kings,119
Sun Feb 7 2016,Miami Heat,93,Los Angeles Clippers,100
Sun Feb 7 2016,New York Knicks,96,Denver Nuggets,101
Sun Feb 7 2016,Orlando Magic,96,Atlanta Hawks,94
Mon Feb 8 2016,Atlanta Hawks,110,Orlando Magic,117
Mon Feb 8 2016,Brooklyn Nets,105,Denver Nuggets,104
Mon Feb 8 2016,Charlotte Hornets,108,Chicago Bulls,91
Mon Feb 8 2016,Cleveland Cavaliers,120,Sacramento Kings,100
Mon Feb 8 2016,Detroit Pistons,89,Toronto Raptors,103
Mon Feb 8 2016,Indiana Pacers,89,Los Angeles Lakers,87
Mon Feb 8 2016,Memphis Grizzlies,106,Portland Trail Blazers,112
Mon Feb 8 2016,Minnesota Timberwolves,102,New Orleans Pelicans,116
Mon Feb 8 2016,Philadelphia 76ers,92,Los Angeles Clippers,98
Mon Feb 8 2016,Phoenix Suns,106,Oklahoma City Thunder,122
Tue Feb 9 2016,Dallas Mavericks,119,Utah Jazz,121
Tue Feb 9 2016,Golden State Warriors,123,Houston Rockets,110
Tue Feb 9 2016,Miami Heat,101,San Antonio Spurs,119
Tue Feb 9 2016,Milwaukee Bucks,112,Boston Celtics,111
Tue Feb 9 2016,New York Knicks,108,Washington Wizards,111
Wed Feb 10 2016,Boston Celtics,139,Los Angeles Clippers,134
Wed Feb 10 2016,Brooklyn Nets,90,Memphis Grizzlies,109
Wed Feb 10 2016,Chicago Bulls,90,Atlanta Hawks,113
Wed Feb 10 2016,Cleveland Cavaliers,120,Los Angeles Lakers,111
Wed Feb 10 2016,Detroit Pistons,92,Denver Nuggets,103
Wed Feb 10 2016,Indiana Pacers,95,Charlotte Hornets,117
Wed Feb 10 2016,Minnesota Timberwolves,117,Toronto Raptors,112
Wed Feb 10 2016,New Orleans Pelicans,100,Utah Jazz,96
Wed Feb 10 2016,Orlando Magic,96,San Antonio Spurs,98
Wed Feb 10 2016,Philadelphia 76ers,110,Sacramento Kings,114
Wed Feb 10 2016,Phoenix Suns,104,Golden State Warriors,112
Wed Feb 10 2016,Portland Trail Blazers,116,Houston Rockets,103
Thu Feb 11 2016,Milwaukee Bucks,99,Washington Wizards,92
Thu Feb 11 2016,Oklahoma City Thunder,121,New Orleans Pelicans,95
Thu Feb 18 2016,Cleveland Cavaliers,106,Chicago Bulls,95
Thu Feb 18 2016,Los Angeles Clippers,105,San Antonio Spurs,86
Thu Feb 18 2016,Washington Wizards,103,Utah Jazz,89
Fri Feb 19 2016,Atlanta Hawks,111,Miami Heat,115
Fri Feb 19 2016,Brooklyn Nets,109,New York Knicks,98
Fri Feb 19 2016,Chicago Bulls,116,Toronto Raptors,106
Fri Feb 19 2016,Los Angeles Lakers,113,San Antonio Spurs,119
Fri Feb 19 2016,Memphis Grizzlies,109,Minnesota Timberwolves,104
Fri Feb 19 2016,Milwaukee Bucks,95,Charlotte Hornets,98
Fri Feb 19 2016,New Orleans Pelicans,121,Philadelphia 76ers,114
Fri Feb 19 2016,Oklahoma City Thunder,98,Indiana Pacers,101
Fri Feb 19 2016,Orlando Magic,110,Dallas Mavericks,104
Fri Feb 19 2016,Phoenix Suns,100,Houston Rockets,116
Fri Feb 19 2016,Portland Trail Blazers,137,Golden State Warriors,105
Fri Feb 19 2016,Sacramento Kings,116,Denver Nuggets,110
Fri Feb 19 2016,Utah Jazz,111,Boston Celtics,93
Fri Feb 19 2016,Washington Wizards,98,Detroit Pistons,86
Sat Feb 20 2016,Atlanta Hawks,109,Milwaukee Bucks,117
Sat Feb 20 2016,Los Angeles Clippers,112,Golden State Warriors,115
Sat Feb 20 2016,Miami Heat,114,Washington Wizards,94
Sat Feb 20 2016,Minnesota Timberwolves,95,New York Knicks,103
Sun Feb 21 2016,Brooklyn Nets,96,Charlotte Hornets,104
Sun Feb 21 2016,Chicago Bulls,126,Los Angeles Lakers,115
Sun Feb 21 2016,Dallas Mavericks,129,Philadelphia 76ers,103
Sun Feb 21 2016,Denver Nuggets,101,Boston Celtics,121
Sun Feb 21 2016,Detroit Pistons,106,New Orleans Pelicans,111
Sun Feb 21 2016,Oklahoma City Thunder,92,Cleveland Cavaliers,115
Sun Feb 21 2016,Orlando Magic,102,Indiana Pacers,105
Sun Feb 21 2016,Phoenix Suns,111,San Antonio Spurs,118
Sun Feb 21 2016,Portland Trail Blazers,115,Utah Jazz,111
Sun Feb 21 2016,Toronto Raptors,98,Memphis Grizzlies,85
Mon Feb 22 2016,Atlanta Hawks,92,Golden State Warriors,102
Mon Feb 22 2016,Cleveland Cavaliers,88,Detroit Pistons,96
Mon Feb 22 2016,Los Angeles Clippers,124,Phoenix Suns,84
Mon Feb 22 2016,Miami Heat,101,Indiana Pacers,93
Mon Feb 22 2016,Milwaukee Bucks,108,Los Angeles Lakers,101
Mon Feb 22 2016,Minnesota Timberwolves,124,Boston Celtics,122
Mon Feb 22 2016,New York Knicks,95,Toronto Raptors,122
Tue Feb 23 2016,Denver Nuggets,110,Sacramento Kings,114
Tue Feb 23 2016,Philadelphia 76ers,115,Orlando Magic,124
Tue Feb 23 2016,Portland Trail Blazers,112,Brooklyn Nets,104
Tue Feb 23 2016,Utah Jazz,117,Houston Rockets,114
Tue Feb 23 2016,Washington Wizards,109,New Orleans Pelicans,89
Wed Feb 24 2016,Chicago Bulls,109,Washington Wizards,104
Wed Feb 24 2016,Cleveland Cavaliers,114,Charlotte Hornets,103
Wed Feb 24 2016,Dallas Mavericks,103,Oklahoma City Thunder,116
Wed Feb 24 2016,Detroit Pistons,111,Philadelphia 76ers,91
Wed Feb 24 2016,Indiana Pacers,108,New York Knicks,105
Wed Feb 24 2016,Los Angeles Clippers,81,Denver Nuggets,87
Wed Feb 24 2016,Memphis Grizzlies,128,Los Angeles Lakers,119
Wed Feb 24 2016,Miami Heat,112,Golden State Warriors,118
Wed Feb 24 2016,Sacramento Kings,92,San Antonio Spurs,108
Wed Feb 24 2016,Toronto Raptors,114,Minnesota Timberwolves,105
Thu Feb 25 2016,Boston Celtics,112,Milwaukee Bucks,107
Thu Feb 25 2016,New Orleans Pelicans,123,Oklahoma City Thunder,119
Thu Feb 25 2016,Orlando Magic,114,Golden State Warriors,130
Thu Feb 25 2016,Phoenix Suns,106,Brooklyn Nets,116
Thu Feb 25 2016,Portland Trail Blazers,105,Houston Rockets,119
Thu Feb 25 2016,Utah Jazz,78,San Antonio Spurs,96
Fri Feb 26 2016,Atlanta Hawks,103,Chicago Bulls,88
Fri Feb 26 2016,Dallas Mavericks,122,Denver Nuggets,116
Fri Feb 26 2016,Indiana Pacers,95,Charlotte Hornets,96
Fri Feb 26 2016,Los Angeles Lakers,95,Memphis Grizzlies,112
Fri Feb 26 2016,New York Knicks,108,Orlando Magic,95
Fri Feb 26 2016,Philadelphia 76ers,94,Washington Wizards,103
Fri Feb 26 2016,Sacramento Kings,107,Los Angeles Clippers,117
Fri Feb 26 2016,Toronto Raptors,99,Cleveland Cavaliers,97
Sat Feb 27 2016,Boston Celtics,101,Miami Heat,89
Sat Feb 27 2016,Chicago Bulls,95,Portland Trail Blazers,103
Sat Feb 27 2016,Houston Rockets,94,San Antonio Spurs,104
Sat Feb 27 2016,Milwaukee Bucks,91,Detroit Pistons,102
Sat Feb 27 2016,New Orleans Pelicans,110,Minnesota Timberwolves,112
Sat Feb 27 2016,Oklahoma City Thunder,118,Golden State Warriors,121
Sat Feb 27 2016,Phoenix Suns,111,Memphis Grizzlies,106
Sat Feb 27 2016,Utah Jazz,96,Brooklyn Nets,98
Sun Feb 28 2016,Atlanta Hawks,87,Charlotte Hornets,76
Sun Feb 28 2016,Dallas Mavericks,128,Minnesota Timberwolves,101
Sun Feb 28 2016,Detroit Pistons,114,Toronto Raptors,101
Sun Feb 28 2016,Indiana Pacers,102,Portland Trail Blazers,111
Sun Feb 28 2016,New York Knicks,81,Miami Heat,98
Sun Feb 28 2016,Orlando Magic,130,Philadelphia 76ers,116
Sun Feb 28 2016,Washington Wizards,113,Cleveland Cavaliers,99
Mon Feb 29 2016,Boston Celtics,100,Utah Jazz,95
Mon Feb 29 2016,Cleveland Cavaliers,100,Indiana Pacers,96
Mon Feb 29 2016,Denver Nuggets,96,Memphis Grizzlies,103
Mon Feb 29 2016,Los Angeles Clippers,105,Brooklyn Nets,95
Mon Feb 29 2016,Milwaukee Bucks,128,Houston Rockets,121
Mon Feb 29 2016,Sacramento Kings,116,Oklahoma City Thunder,131
Mon Feb 29 2016,Washington Wizards,116,Philadelphia 76ers,108
Tue Mar 1 2016,Charlotte Hornets,126,Phoenix Suns,92
Tue Mar 1 2016,Dallas Mavericks,121,Orlando Magic,108
Tue Mar 1 2016,Golden State Warriors,109,Atlanta Hawks,105
Tue Mar 1 2016,Los Angeles Lakers,107,Brooklyn Nets,101
Tue Mar 1 2016,Miami Heat,129,Chicago Bulls,111
Tue Mar 1 2016,New York Knicks,85,Portland Trail Blazers,104
Wed Mar 2 2016,Boston Celtics,116,Portland Trail Blazers,93
Wed Mar 2 2016,Denver Nuggets,117,Los Angeles Lakers,107
Wed Mar 2 2016,Houston Rockets,100,New Orleans Pelicans,95
Wed Mar 2 2016,Los Angeles Clippers,103,Oklahoma City Thunder,98
Wed Mar 2 2016,Memphis Grizzlies,104,Sacramento Kings,98
Wed Mar 2 2016,Milwaukee Bucks,99,Indiana Pacers,104
Wed Mar 2 2016,Minnesota Timberwolves,98,Washington Wizards,104
Wed Mar 2 2016,Orlando Magic,102,Chicago Bulls,89
Wed Mar 2 2016,Philadelphia 76ers,99,Charlotte Hornets,119
Wed Mar 2 2016,San Antonio Spurs,97,Detroit Pistons,81
Wed Mar 2 2016,Toronto Raptors,104,Utah Jazz,94
Thu Mar 3 2016,Dallas Mavericks,101,Sacramento Kings,104
Thu Mar 3 2016,Golden State Warriors,121,Oklahoma City Thunder,106
Thu Mar 3 2016,Miami Heat,108,Phoenix Suns,92
Thu Mar 3 2016,New Orleans Pelicans,86,San Antonio Spurs,94
Fri Mar 4 2016,Boston Celtics,105,New York Knicks,104
Fri Mar 4 2016,Charlotte Hornets,108,Indiana Pacers,101
Fri Mar 4 2016,Cleveland Cavaliers,108,Washington Wizards,83
Fri Mar 4 2016,Denver Nuggets,120,Brooklyn Nets,121
Fri Mar 4 2016,Los Angeles Lakers,77,Atlanta Hawks,106
Fri Mar 4 2016,Memphis Grizzlies,94,Utah Jazz,88
Fri Mar 4 2016,Milwaukee Bucks,116,Minnesota Timberwolves,101
Fri Mar 4 2016,Orlando Magic,84,Phoenix Suns,102
Fri Mar 4 2016,Philadelphia 76ers,102,Miami Heat,112
Fri Mar 4 2016,Toronto Raptors,117,Portland Trail Blazers,115
Sat Mar 5 2016,Chicago Bulls,108,Houston Rockets,100
Sat Mar 5 2016,Cleveland Cavaliers,120,Boston Celtics,103
Sat Mar 5 2016,Los Angeles Clippers,97,Atlanta Hawks,107
Sat Mar 5 2016,Minnesota Timberwolves,132,Brooklyn Nets,118
Sat Mar 5 2016,New Orleans Pelicans,94,Utah Jazz,106
Sat Mar 5 2016,New York Knicks,102,Detroit Pistons,89
Sat Mar 5 2016,San Antonio Spurs,104,Sacramento Kings,94
Sat Mar 5 2016,Washington Wizards,99,Indiana Pacers,100
Sun Mar 6 2016,Denver Nuggets,116,Dallas Mavericks,114
Sun Mar 6 2016,Detroit Pistons,123,Portland Trail Blazers,103
Sun Mar 6 2016,Los Angeles Lakers,112,Golden State Warriors,95
Sun Mar 6 2016,Memphis Grizzlies,100,Phoenix Suns,109
Sun Mar 6 2016,Miami Heat,103,Philadelphia 76ers,98
Sun Mar 6 2016,Milwaukee Bucks,96,Oklahoma City Thunder,104
Sun Mar 6 2016,Toronto Raptors,107,Houston Rockets,113
Mon Mar 7 2016,Chicago Bulls,100,Milwaukee Bucks,90
Mon Mar 7 2016,Charlotte Hornets,108,Minnesota Timberwolves,103
Mon Mar 7 2016,Cleveland Cavaliers,103,Memphis Grizzlies,106
Mon Mar 7 2016,Dallas Mavericks,90,Los Angeles Clippers,109
Mon Mar 7 2016,Golden State Warriors,119,Orlando Magic,113
Mon Mar 7 2016,Indiana Pacers,99,San Antonio Spurs,91
Mon Mar 7 2016,New Orleans Pelicans,115,Sacramento Kings,112
Tue Mar 8 2016,Denver Nuggets,110,New York Knicks,94
Tue Mar 8 2016,Los Angeles Lakers,107,Orlando Magic,98
Tue Mar 8 2016,Minnesota Timberwolves,91,San Antonio Spurs,116
Tue Mar 8 2016,Portland Trail Blazers,116,Washington Wizards,109
Tue Mar 8 2016,Toronto Raptors,104,Brooklyn Nets,99
Tue Mar 8 2016,Utah Jazz,84,Atlanta Hawks,91
Wed Mar 9 2016,Boston Celtics,116,Memphis Grizzlies,96
Wed Mar 9 2016,Charlotte Hornets,122,New Orleans Pelicans,113
Wed Mar 9 2016,Dallas Mavericks,96,Detroit Pistons,102
Wed Mar 9 2016,Golden State Warriors,115,Utah Jazz,94
Wed Mar 9 2016,Milwaukee Bucks,114,Miami Heat,108
Wed Mar 9 2016,Oklahoma City Thunder,120,Los Angeles Clippers,108
Wed Mar 9 2016,Philadelphia 76ers,104,Houston Rockets,118
Wed Mar 9 2016,Phoenix Suns,97,New York Knicks,128
Wed Mar 9 2016,Sacramento Kings,111,Cleveland Cavaliers,120
Thu Mar 10 2016,Denver Nuggets,116,Phoenix Suns,98
Thu Mar 10 2016,Los Angeles Lakers,108,Cleveland Cavaliers,120
Thu Mar 10 2016,San Antonio Spurs,109,Chicago Bulls,101
Thu Mar 10 2016,Toronto Raptors,104,Atlanta Hawks,96
Fri Mar 11 2016,Boston Celtics,98,Houston Rockets,102
Fri Mar 11 2016,Chicago Bulls,96,Miami Heat,118
Fri Mar 11 2016,Charlotte Hornets,118,Detroit Pistons,103
Fri Mar 11 2016,Golden State Warriors,128,Portland Trail Blazers,112
Fri Mar 11 2016,Los Angeles Clippers,101,New York Knicks,94
Fri Mar 11 2016,Memphis Grizzlies,121,New Orleans Pelicans,114
Fri Mar 11 2016,Oklahoma City Thunder,96,Minnesota Timberwolves,99
Fri Mar 11 2016,Philadelphia 76ers,95,Brooklyn Nets,89
Fri Mar 11 2016,Sacramento Kings,100,Orlando Magic,107
Fri Mar 11 2016,Utah Jazz,114,Washington Wizards,93
Sat Mar 12 2016,Atlanta Hawks,95,Memphis Grizzlies,83
Sat Mar 12 2016,Charlotte Hornets,125,Houston Rockets,109
Sat Mar 12 2016,Dallas Mavericks,105,Indiana Pacers,112
Sat Mar 12 2016,Denver Nuggets,116,Washington Wizards,100
Sat Mar 12 2016,Golden State Warriors,123,Phoenix Suns,116
Sat Mar 12 2016,Milwaukee Bucks,103,New Orleans Pelicans,92
Sat Mar 12 2016,Philadelphia 76ers,111,Detroit Pistons,125
Sat Mar 12 2016,Portland Trail Blazers,121,Orlando Magic,84
Sat Mar 12 2016,San Antonio Spurs,93,Oklahoma City Thunder,85
Sat Mar 12 2016,Toronto Raptors,112,Miami Heat,104
Sun Mar 13 2016,Atlanta Hawks,104,Indiana Pacers,75
Sun Mar 13 2016,Brooklyn Nets,100,Milwaukee Bucks,109
Sun Mar 13 2016,Los Angeles Clippers,90,Cleveland Cavaliers,114
Sun Mar 13 2016,Los Angeles Lakers,87,New York Knicks,90
Sun Mar 13 2016,Sacramento Kings,99,Utah Jazz,108
Mon Mar 14 2016,Charlotte Hornets,96,Dallas Mavericks,107
Mon Mar 14 2016,Golden State Warriors,125,New Orleans Pelicans,107
Mon Mar 14 2016,Houston Rockets,130,Memphis Grizzlies,81
Mon Mar 14 2016,Miami Heat,124,Denver Nuggets,119
Mon Mar 14 2016,Oklahoma City Thunder,128,Portland Trail Blazers,94
Mon Mar 14 2016,Phoenix Suns,107,Minnesota Timberwolves,104
Mon Mar 14 2016,Toronto Raptors,107,Chicago Bulls,109
Mon Mar 14 2016,Utah Jazz,94,Cleveland Cavaliers,85
Mon Mar 14 2016,Washington Wizards,124,Detroit Pistons,81
Tue Mar 15 2016,Brooklyn Nets,131,Philadelphia 76ers,114
Tue Mar 15 2016,Indiana Pacers,103,Boston Celtics,98
Tue Mar 15 2016,Los Angeles Lakers,98,Sacramento Kings,106
Tue Mar 15 2016,Milwaukee Bucks,89,Toronto Raptors,107
Tue Mar 15 2016,Orlando Magic,116,Denver Nuggets,110
Tue Mar 15 2016,San Antonio Spurs,108,Los Angeles Clippers,87
Wed Mar 16 2016,Boston Celtics,109,Oklahoma City Thunder,130
Wed Mar 16 2016,Charlotte Hornets,107,Orlando Magic,99
Wed Mar 16 2016,Cleveland Cavaliers,99,Dallas Mavericks,98
Wed Mar 16 2016,Detroit Pistons,114,Atlanta Hawks,118
Wed Mar 16 2016,Golden State Warriors,121,New York Knicks,85
Wed Mar 16 2016,Houston Rockets,106,Los Angeles Clippers,122
Wed Mar 16 2016,Memphis Grizzlies,108,Minnesota Timberwolves,114
Wed Mar 16 2016,Sacramento Kings,108,New Orleans Pelicans,123
Wed Mar 16 2016,Washington Wizards,117,Chicago Bulls,96
Thu Mar 17 2016,Atlanta Hawks,116,Denver Nuggets,98
Thu Mar 17 2016,Chicago Bulls,118,Brooklyn Nets,102
Thu Mar 17 2016,Indiana Pacers,94,Toronto Raptors,101
Thu Mar 17 2016,Miami Heat,106,Charlotte Hornets,109
Thu Mar 17 2016,Milwaukee Bucks,96,Memphis Grizzlies,86
Thu Mar 17 2016,Philadelphia 76ers,94,Washington Wizards,99
Thu Mar 17 2016,San Antonio Spurs,118,Portland Trail Blazers,110
Thu Mar 17 2016,Utah Jazz,103,Phoenix Suns,69
Fri Mar 18 2016,Dallas Mavericks,112,Golden State Warriors,130
Fri Mar 18 2016,Detroit Pistons,115,Sacramento Kings,108
Fri Mar 18 2016,Houston Rockets,116,Minnesota Timberwolves,111
Fri Mar 18 2016,Los Angeles Lakers,90,Phoenix Suns,95
Fri Mar 18 2016,New Orleans Pelicans,112,Portland Trail Blazers,117
Fri Mar 18 2016,Orlando Magic,103,Cleveland Cavaliers,109
Fri Mar 18 2016,Philadelphia 76ers,97,Oklahoma City Thunder,111
Fri Mar 18 2016,Toronto Raptors,105,Boston Celtics,91
Sat Mar 19 2016,Atlanta Hawks,109,Houston Rockets,97
Sat Mar 19 2016,Chicago Bulls,92,Utah Jazz,85
Sat Mar 19 2016,Charlotte Hornets,93,Denver Nuggets,101
Sat Mar 19 2016,Detroit Pistons,115,Brooklyn Nets,103
Sat Mar 19 2016,Indiana Pacers,111,Oklahoma City Thunder,115
Sat Mar 19 2016,Memphis Grizzlies,113,Los Angeles Clippers,102
Sat Mar 19 2016,Miami Heat,122,Cleveland Cavaliers,101
Sat Mar 19 2016,San Antonio Spurs,87,Golden State Warriors,79
Sat Mar 19 2016,Washington Wizards,99,New York Knicks,89
Sun Mar 20 2016,Dallas Mavericks,132,Portland Trail Blazers,120
Sun Mar 20 2016,Milwaukee Bucks,85,Utah Jazz,94
Sun Mar 20 2016,New Orleans Pelicans,109,Los Angeles Clippers,105
Sun Mar 20 2016,New York Knicks,80,Sacramento Kings,88
Sun Mar 20 2016,Philadelphia 76ers,105,Boston Celtics,120
Sun Mar 20 2016,Toronto Raptors,105,Orlando Magic,100
Mon Mar 21 2016,Atlanta Hawks,102,Washington Wizards,117
Mon Mar 21 2016,Boston Celtics,107,Orlando Magic,96
Mon Mar 21 2016,Chicago Bulls,109,Sacramento Kings,102
Mon Mar 21 2016,Charlotte Hornets,91,San Antonio Spurs,88
Mon Mar 21 2016,Cleveland Cavaliers,124,Denver Nuggets,91
Mon Mar 21 2016,Detroit Pistons,92,Milwaukee Bucks,91
Mon Mar 21 2016,Indiana Pacers,91,Philadelphia 76ers,75
Mon Mar 21 2016,Minnesota Timberwolves,104,Golden State Warriors,109
Mon Mar 21 2016,Phoenix Suns,97,Memphis Grizzlies,103
Tue Mar 22 2016,Brooklyn Nets,100,Charlotte Hornets,105
Tue Mar 22 2016,Los Angeles Lakers,107,Memphis Grizzlies,100
Tue Mar 22 2016,New Orleans Pelicans,99,Miami Heat,113
Tue Mar 22 2016,Oklahoma City Thunder,111,Houston Rockets,107
Wed Mar 23 2016,Boston Celtics,91,Toronto Raptors,79
Wed Mar 23 2016,Chicago Bulls,107,New York Knicks,115
Wed Mar 23 2016,Cleveland Cavaliers,113,Milwaukee Bucks,104
Wed Mar 23 2016,Denver Nuggets,104,Philadelphia 76ers,103
Wed Mar 23 2016,Detroit Pistons,118,Orlando Magic,102
Wed Mar 23 2016,Golden State Warriors,114,Los Angeles Clippers,98
Wed Mar 23 2016,Houston Rockets,87,Utah Jazz,89
Wed Mar 23 2016,Minnesota Timberwolves,113,Sacramento Kings,104
Wed Mar 23 2016,Phoenix Suns,119,Los Angeles Lakers,107
Wed Mar 23 2016,Portland Trail Blazers,109,Dallas Mavericks,103
Wed Mar 23 2016,San Antonio Spurs,112,Miami Heat,88
Wed Mar 23 2016,Washington Wizards,101,Atlanta Hawks,122
Thu Mar 24 2016,Brooklyn Nets,104,Cleveland Cavaliers,95
Thu Mar 24 2016,Indiana Pacers,92,New Orleans Pelicans,84
Thu Mar 24 2016,Los Angeles Clippers,96,Portland Trail Blazers,94
Thu Mar 24 2016,New York Knicks,106,Chicago Bulls,94
Thu Mar 24 2016,Oklahoma City Thunder,113,Utah Jazz,91
Fri Mar 25 2016,Atlanta Hawks,101,Milwaukee Bucks,90
Fri Mar 25 2016,Detroit Pistons,112,Charlotte Hornets,105
Fri Mar 25 2016,Golden State Warriors,128,Dallas Mavericks,120
Fri Mar 25 2016,Houston Rockets,112,Toronto Raptors,109
Fri Mar 25 2016,Los Angeles Lakers,105,Denver Nuggets,116
Fri Mar 25 2016,Miami Heat,108,Orlando Magic,97
Fri Mar 25 2016,Sacramento Kings,116,Phoenix Suns,94
Fri Mar 25 2016,San Antonio Spurs,110,Memphis Grizzlies,104
Fri Mar 25 2016,Washington Wizards,129,Minnesota Timberwolves,132
Sat Mar 26 2016,Brooklyn Nets,120,Indiana Pacers,110
Sat Mar 26 2016,Detroit Pistons,95,Atlanta Hawks,112
Sat Mar 26 2016,Milwaukee Bucks,91,Charlotte Hornets,115
Sat Mar 26 2016,Minnesota Timberwolves,84,Utah Jazz,93
Sat Mar 26 2016,New Orleans Pelicans,91,Toronto Raptors,115
Sat Mar 26 2016,New York Knicks,93,Cleveland Cavaliers,107
Sat Mar 26 2016,Oklahoma City Thunder,111,San Antonio Spurs,92
Sat Mar 26 2016,Orlando Magic,111,Chicago Bulls,89
Sat Mar 26 2016,Phoenix Suns,99,Boston Celtics,102
Sat Mar 26 2016,Portland Trail Blazers,108,Philadelphia 76ers,105
Sun Mar 27 2016,Golden State Warriors,117,Philadelphia 76ers,105
Sun Mar 27 2016,Indiana Pacers,104,Houston Rockets,101
Sun Mar 27 2016,Los Angeles Clippers,105,Denver Nuggets,90
Sun Mar 27 2016,Los Angeles Lakers,88,Washington Wizards,101
Sun Mar 27 2016,Sacramento Kings,133,Dallas Mavericks,111
Mon Mar 28 2016,Chicago Bulls,100,Atlanta Hawks,102
Mon Mar 28 2016,Denver Nuggets,88,Dallas Mavericks,97
Mon Mar 28 2016,Los Angeles Clippers,114,Boston Celtics,90
Mon Mar 28 2016,Memphis Grizzlies,87,San Antonio Spurs,101
Mon Mar 28 2016,Miami Heat,110,Brooklyn Nets,99
Mon Mar 28 2016,Minnesota Timberwolves,121,Phoenix Suns,116
Mon Mar 28 2016,New Orleans Pelicans,99,New York Knicks,91
Mon Mar 28 2016,Portland Trail Blazers,105,Sacramento Kings,93
Mon Mar 28 2016,Toronto Raptors,100,Oklahoma City Thunder,119
Mon Mar 28 2016,Utah Jazz,123,Los Angeles Lakers,75
Tue Mar 29 2016,Cleveland Cavaliers,100,Houston Rockets,106
Tue Mar 29 2016,Detroit Pistons,88,Oklahoma City Thunder,82
Tue Mar 29 2016,Golden State Warriors,102,Washington Wizards,94
Tue Mar 29 2016,Indiana Pacers,96,Chicago Bulls,98
Tue Mar 29 2016,Orlando Magic,139,Brooklyn Nets,105
Tue Mar 29 2016,Philadelphia 76ers,85,Charlotte Hornets,100
Wed Mar 30 2016,Dallas Mavericks,91,New York Knicks,89
Wed Mar 30 2016,Los Angeles Lakers,102,Miami Heat,100
Wed Mar 30 2016,Memphis Grizzlies,105,Denver Nuggets,109
Wed Mar 30 2016,Milwaukee Bucks,105,Phoenix Suns,94
Wed Mar 30 2016,Minnesota Timberwolves,79,Los Angeles Clippers,99
Wed Mar 30 2016,Sacramento Kings,120,Washington Wizards,111
Wed Mar 30 2016,San Antonio Spurs,100,New Orleans Pelicans,92
Wed Mar 30 2016,Toronto Raptors,105,Atlanta Hawks,97
Wed Mar 30 2016,Utah Jazz,96,Golden State Warriors,103
Thu Mar 31 2016,Cleveland Cavaliers,107,Brooklyn Nets,87
Thu Mar 31 2016,Houston Rockets,100,Chicago Bulls,103
Thu Mar 31 2016,Indiana Pacers,94,Orlando Magic,114
Thu Mar 31 2016,New Orleans Pelicans,101,Denver Nuggets,95
Thu Mar 31 2016,Oklahoma City Thunder,119,Los Angeles Clippers,117
Thu Mar 31 2016,Portland Trail Blazers,116,Boston Celtics,109
Fri Apr 1 2016,Atlanta Hawks,108,Cleveland Cavaliers,110
Fri Apr 1 2016,Charlotte Hornets,100,Philadelphia 76ers,91
Fri Apr 1 2016,Detroit Pistons,89,Dallas Mavericks,98
Fri Apr 1 2016,Golden State Warriors,106,Boston Celtics,109
Fri Apr 1 2016,Memphis Grizzlies,95,Toronto Raptors,99
Fri Apr 1 2016,Milwaukee Bucks,113,Orlando Magic,110
Fri Apr 1 2016,New York Knicks,105,Brooklyn Nets,91
Fri Apr 1 2016,Phoenix Suns,99,Washington Wizards,106
Fri Apr 1 2016,Sacramento Kings,106,Miami Heat,112
Fri Apr 1 2016,Utah Jazz,98,Minnesota Timberwolves,85
Sat Apr 2 2016,Chicago Bulls,90,Detroit Pistons,94
Sat Apr 2 2016,Denver Nuggets,106,Sacramento Kings,115
Sat Apr 2 2016,Philadelphia 76ers,102,Indiana Pacers,115
Sat Apr 2 2016,Portland Trail Blazers,110,Miami Heat,93
Sat Apr 2 2016,San Antonio Spurs,102,Toronto Raptors,95
Sun Apr 3 2016,Brooklyn Nets,87,New Orleans Pelicans,106
Sun Apr 3 2016,Cleveland Cavaliers,112,Charlotte Hornets,103
Sun Apr 3 2016,Golden State Warriors,136,Portland Trail Blazers,111
Sun Apr 3 2016,Houston Rockets,118,Oklahoma City Thunder,110
Sun Apr 3 2016,Los Angeles Clippers,114,Washington Wizards,109
Sun Apr 3 2016,Los Angeles Lakers,100,Boston Celtics,107
Sun Apr 3 2016,Milwaukee Bucks,98,Chicago Bulls,102
Sun Apr 3 2016,Minnesota Timberwolves,78,Dallas Mavericks,88
Sun Apr 3 2016,New York Knicks,87,Indiana Pacers,92
Sun Apr 3 2016,Orlando Magic,119,Memphis Grizzlies,107
Sun Apr 3 2016,Phoenix Suns,86,Utah Jazz,101
Tue Apr 5 2016,Atlanta Hawks,103,Phoenix Suns,90
Tue Apr 5 2016,Denver Nuggets,102,Oklahoma City Thunder,124
Tue Apr 5 2016,Golden State Warriors,117,Minnesota Timberwolves,124
Tue Apr 5 2016,Los Angeles Clippers,103,Los Angeles Lakers,81
Tue Apr 5 2016,Memphis Grizzlies,108,Chicago Bulls,92
Tue Apr 5 2016,Miami Heat,107,Detroit Pistons,89
Tue Apr 5 2016,Milwaukee Bucks,80,Cleveland Cavaliers,109
Tue Apr 5 2016,Philadelphia 76ers,107,New Orleans Pelicans,93
Tue Apr 5 2016,Sacramento Kings,107,Portland Trail Blazers,115
Tue Apr 5 2016,Toronto Raptors,96,Charlotte Hornets,90
Tue Apr 5 2016,Utah Jazz,86,San Antonio Spurs,88
Wed Apr 6 2016,Boston Celtics,104,New Orleans Pelicans,97
Wed Apr 6 2016,Dallas Mavericks,88,Houston Rockets,86
Wed Apr 6 2016,Indiana Pacers,123,Cleveland Cavaliers,109
Wed Apr 6 2016,Los Angeles Lakers,81,Los Angeles Clippers,91
Wed Apr 6 2016,New York Knicks,97,Charlotte Hornets,111
Wed Apr 6 2016,Orlando Magic,104,Detroit Pistons,108
Wed Apr 6 2016,Portland Trail Blazers,120,Oklahoma City Thunder,115
Wed Apr 6 2016,Washington Wizards,121,Brooklyn Nets,103
Thu Apr 7 2016,Atlanta Hawks,95,Toronto Raptors,87
Thu Apr 7 2016,Golden State Warriors,112,San Antonio Spurs,101
Thu Apr 7 2016,Houston Rockets,115,Phoenix Suns,124
Thu Apr 7 2016,Miami Heat,106,Chicago Bulls,98
Thu Apr 7 2016,Sacramento Kings,97,Minnesota Timberwolves,105
Fri Apr 8 2016,Boston Celtics,124,Milwaukee Bucks,109
Fri Apr 8 2016,Charlotte Hornets,113,Brooklyn Nets,99
Fri Apr 8 2016,Dallas Mavericks,103,Memphis Grizzlies,93
Fri Apr 8 2016,Denver Nuggets,102,San Antonio Spurs,98
Fri Apr 8 2016,Detroit Pistons,112,Washington Wizards,99
Fri Apr 8 2016,New Orleans Pelicans,110,Los Angeles Lakers,102
Fri Apr 8 2016,Orlando Magic,112,Miami Heat,109
Fri Apr 8 2016,Philadelphia 76ers,102,New York Knicks,109
Fri Apr 8 2016,Toronto Raptors,111,Indiana Pacers,98
Fri Apr 8 2016,Utah Jazz,99,Los Angeles Clippers,102
Sat Apr 9 2016,Atlanta Hawks,118,Boston Celtics,107
Sat Apr 9 2016,Chicago Bulls,105,Cleveland Cavaliers,102
Sat Apr 9 2016,Memphis Grizzlies,99,Golden State Warriors,100
Sat Apr 9 2016,New Orleans Pelicans,100,Phoenix Suns,121
Sat Apr 9 2016,Portland Trail Blazers,105,Minnesota Timberwolves,106
Sat Apr 9 2016,Sacramento Kings,114,Oklahoma City Thunder,112
Sun Apr 10 2016,Denver Nuggets,84,Utah Jazz,100
Sun Apr 10 2016,Houston Rockets,130,Los Angeles Lakers,110
Sun Apr 10 2016,Indiana Pacers,129,Brooklyn Nets,105
Sun Apr 10 2016,Los Angeles Clippers,98,Dallas Mavericks,91
Sun Apr 10 2016,Miami Heat,118,Orlando Magic,96
Sun Apr 10 2016,New York Knicks,89,Toronto Raptors,93
Sun Apr 10 2016,Philadelphia 76ers,108,Milwaukee Bucks,109
Sun Apr 10 2016,San Antonio Spurs,86,Golden State Warriors,92
Sun Apr 10 2016,Washington Wizards,113,Charlotte Hornets,98
Mon Apr 11 2016,Boston Celtics,100,Charlotte Hornets,114
Mon Apr 11 2016,Brooklyn Nets,111,Washington Wizards,120
Mon Apr 11 2016,Cleveland Cavaliers,109,Atlanta Hawks,94
Mon Apr 11 2016,Minnesota Timberwolves,105,Houston Rockets,129
Mon Apr 11 2016,New Orleans Pelicans,116,Chicago Bulls,121
Mon Apr 11 2016,Oklahoma City Thunder,112,Los Angeles Lakers,79
Mon Apr 11 2016,Orlando Magic,107,Milwaukee Bucks,98
Mon Apr 11 2016,Phoenix Suns,101,Sacramento Kings,105
Mon Apr 11 2016,Utah Jazz,92,Dallas Mavericks,101
Tue Apr 12 2016,Detroit Pistons,93,Miami Heat,99
Tue Apr 12 2016,Indiana Pacers,102,New York Knicks,90
Tue Apr 12 2016,Los Angeles Clippers,110,Memphis Grizzlies,84
Tue Apr 12 2016,San Antonio Spurs,102,Oklahoma City Thunder,98
Tue Apr 12 2016,Toronto Raptors,122,Philadelphia 76ers,98
Wed Apr 13 2016,Boston Celtics,98,Miami Heat,88
Wed Apr 13 2016,Brooklyn Nets,96,Toronto Raptors,103
Wed Apr 13 2016,Chicago Bulls,115,Philadelphia 76ers,105
Wed Apr 13 2016,Charlotte Hornets,117,Orlando Magic,103
Wed Apr 13 2016,Cleveland Cavaliers,110,Detroit Pistons,112
Wed Apr 13 2016,Dallas Mavericks,91,San Antonio Spurs,96
Wed Apr 13 2016,Golden State Warriors,125,Memphis Grizzlies,104
Wed Apr 13 2016,Houston Rockets,116,Sacramento Kings,81
Wed Apr 13 2016,Los Angeles Lakers,101,Utah Jazz,96
Wed Apr 13 2016,Milwaukee Bucks,92,Indiana Pacers,97
Wed Apr 13 2016,Minnesota Timberwolves,144,New Orleans Pelicans,109
Wed Apr 13 2016,Phoenix Suns,114,Los Angeles Clippers,105
Wed Apr 13 2016,Portland Trail Blazers,107,Denver Nuggets,99
Wed Apr 13 2016,Washington Wizards,109,Atlanta Hawks,98