Date,Away,Points,Home,Points
Oct. 27,Atlanta Hawks,94,Detroit Pistons,106
Oct. 27,Chicago Bulls,97,Cleveland Cavaliers,95
Oct. 27,Golden State Warriors,111,New Orleans Pelicans,95
Oct. 28,Boston Celtics,112,Philadelphia 76ers,95
Oct. 28,Brooklyn Nets,100,Chicago Bulls,115
Oct. 28,Detroit Pistons,92,Utah Jazz,87
Oct. 28,Houston Rockets,85,Denver Nuggets,105
Oct. 28,Los Angeles Lakers,111,Minnesota Timberwolves,112
Oct. 28,Memphis Grizzlies,76,Cleveland Cavaliers,106
Oct. 28,Miami Heat,104,Charlotte Hornets,94
Oct. 28,Milwaukee Bucks,97,New York Knicks,122
Oct. 28,Oklahoma City Thunder,112,San Antonio Spurs,106
Oct. 28,Orlando Magic,87,Washington Wizards,88
Oct. 28,Phoenix Suns,95,Dallas Mavericks,111
Oct. 28,Portland Trail Blazers,112,New Orleans Pelicans,94
Oct. 28,Sacramento Kings,104,Los Angeles Clippers,111
Oct. 28,Toronto Raptors,106,Indiana Pacers,99
Oct. 29,Indiana Pacers,103,Memphis Grizzlies,112
Oct. 29,Los Angeles Clippers,104,Dallas Mavericks,88
Oct. 29,New York Knicks,101,Atlanta Hawks,112
Oct. 30,Atlanta Hawks,97,Charlotte Hornets,94
Oct. 30,Boston Celtics,103,Toronto Raptors,113
Oct. 30,Cleveland Cavaliers,102,Miami Heat,92
Oct. 30,Denver Nuggets,78,Minnesota Timberwolves,95
Oct. 30,Detroit Pistons,98,Chicago Bulls,94
Oct. 30,Houston Rockets,92,Golden State Warriors,112
Oct. 30,Milwaukee Bucks,113,Washington Wizards,118
Oct. 30,Orlando Magic,136,Oklahoma City Thunder,139
Oct. 30,Philadelphia 76ers,71,Utah Jazz,99
Oct. 30,Phoenix Suns,110,Portland Trail Blazers,92
Oct. 30,Sacramento Kings,132,Los Angeles Lakers,114
Oct. 30,San Antonio Spurs,102,Brooklyn Nets,75
Oct. 31,Indiana Pacers,76,Utah Jazz,97
Oct. 31,Los Angeles Clippers,114,Sacramento Kings,109
Oct. 31,Memphis Grizzlies,101,Brooklyn Nets,91
Oct. 31,New Orleans Pelicans,120,Golden State Warriors,134
Oct. 31,Portland Trail Blazers,90,Phoenix Suns,101
Oct. 31,Washington Wizards,110,New York Knicks,117
Nov. 1,Boston Celtics,87,San Antonio Spurs,95
Nov. 1,Chicago Bulls,92,Orlando Magic,87
Nov. 1,Charlotte Hornets,92,Atlanta Hawks,94
Nov. 1,Los Angeles Lakers,93,Dallas Mavericks,103
Nov. 1,Miami Heat,109,Houston Rockets,89
Nov. 1,Oklahoma City Thunder,117,Denver Nuggets,93
Nov. 1,Toronto Raptors,106,Milwaukee Bucks,87
Nov. 2,Brooklyn Nets,96,Milwaukee Bucks,103
Nov. 2,Golden State Warriors,119,Memphis Grizzlies,69
Nov. 2,Houston Rockets,110,Oklahoma City Thunder,105
Nov. 2,Los Angeles Clippers,102,Phoenix Suns,96
Nov. 2,Minnesota Timberwolves,101,Portland Trail Blazers,106
Nov. 2,New York Knicks,84,San Antonio Spurs,94
Nov. 2,Philadelphia 76ers,100,Cleveland Cavaliers,107
Nov. 3,Charlotte Hornets,130,Chicago Bulls,105
Nov. 3,Dallas Mavericks,91,Toronto Raptors,102
Nov. 3,Detroit Pistons,82,Indiana Pacers,94
Nov. 3,Los Angeles Lakers,109,Denver Nuggets,120
Nov. 3,Miami Heat,92,Atlanta Hawks,98
Nov. 3,New Orleans Pelicans,94,Orlando Magic,103
Nov. 3,Sacramento Kings,89,Memphis Grizzlies,103
Nov. 4,Atlanta Hawks,101,Brooklyn Nets,87
Nov. 4,Cleveland Cavaliers,96,New York Knicks,86
Nov. 4,Golden State Warriors,112,Los Angeles Clippers,108
Nov. 4,Houston Rockets,119,Orlando Magic,114
Nov. 4,Indiana Pacers,100,Boston Celtics,98
Nov. 4,Milwaukee Bucks,91,Philadelphia 76ers,87
Nov. 4,Oklahoma City Thunder,98,Toronto Raptors,103
Nov. 4,Phoenix Suns,118,Sacramento Kings,97
Nov. 4,Utah Jazz,92,Portland Trail Blazers,108
Nov. 4,Washington Wizards,102,San Antonio Spurs,99
Nov. 5,Chicago Bulls,104,Oklahoma City Thunder,98
Nov. 5,Dallas Mavericks,94,Charlotte Hornets,108
Nov. 5,Denver Nuggets,84,Utah Jazz,96
Nov. 5,Minnesota Timberwolves,84,Miami Heat,96
Nov. 5,Portland Trail Blazers,115,Memphis Grizzlies,96
Nov. 6,Boston Celtics,118,Washington Wizards,98
Nov. 6,Brooklyn Nets,98,Los Angeles Lakers,104
Nov. 6,Cleveland Cavaliers,108,Philadelphia 76ers,102
Nov. 6,Golden State Warriors,119,Denver Nuggets,104
Nov. 6,Indiana Pacers,90,Miami Heat,87
Nov. 6,New Orleans Pelicans,115,Atlanta Hawks,121
Nov. 6,New York Knicks,92,Milwaukee Bucks,99
Nov. 6,Orlando Magic,92,Toronto Raptors,87
Nov. 6,Phoenix Suns,92,Detroit Pistons,100
Nov. 6,Sacramento Kings,110,Houston Rockets,116
Nov. 7,Atlanta Hawks,114,Washington Wizards,99
Nov. 7,Chicago Bulls,93,Minnesota Timberwolves,102
Nov. 7,Dallas Mavericks,107,New Orleans Pelicans,98
Nov. 7,Los Angeles Clippers,105,Houston Rockets,109
Nov. 7,Milwaukee Bucks,94,Brooklyn Nets,86
Nov. 7,Philadelphia 76ers,97,Orlando Magic,105
Nov. 7,Sacramento Kings,94,Golden State Warriors,103
Nov. 7,San Antonio Spurs,114,Charlotte Hornets,94
Nov. 7,Utah Jazz,89,Memphis Grizzlies,79
Nov. 8,Cleveland Cavaliers,101,Indiana Pacers,97
Nov. 8,Miami Heat,96,Toronto Raptors,76
Nov. 8,New York Knicks,99,Los Angeles Lakers,95
Nov. 8,Oklahoma City Thunder,124,Phoenix Suns,103
Nov. 8,Portland Trail Blazers,103,Detroit Pistons,120
Nov. 9,Atlanta Hawks,107,Minnesota Timberwolves,117
Nov. 9,Denver Nuggets,108,Portland Trail Blazers,104
Nov. 9,Golden State Warriors,109,Detroit Pistons,95
Nov. 9,Indiana Pacers,97,Orlando Magic,84
Nov. 9,Los Angeles Clippers,94,Memphis Grizzlies,92
Nov. 9,Philadelphia 76ers,88,Chicago Bulls,111
Nov. 9,Sacramento Kings,88,San Antonio Spurs,106
Nov. 10,Cleveland Cavaliers,118,Utah Jazz,114
Nov. 10,Miami Heat,101,Los Angeles Lakers,88
Nov. 10,Milwaukee Bucks,83,Boston Celtics,99
Nov. 10,Minnesota Timberwolves,95,Charlotte Hornets,104
Nov. 10,New Orleans Pelicans,120,Dallas Mavericks,105
Nov. 10,Toronto Raptors,109,New York Knicks,111
Nov. 10,Washington Wizards,101,Oklahoma City Thunder,125
Nov. 11,Atlanta Hawks,106,New Orleans Pelicans,98
Nov. 11,Boston Celtics,91,Indiana Pacers,102
Nov. 11,Charlotte Hornets,95,New York Knicks,93
Nov. 11,Dallas Mavericks,118,Los Angeles Clippers,108
Nov. 11,Denver Nuggets,103,Milwaukee Bucks,102
Nov. 11,Houston Rockets,98,Brooklyn Nets,106
Nov. 11,Memphis Grizzlies,84,Golden State Warriors,100
Nov. 11,Orlando Magic,101,Los Angeles Lakers,99
Nov. 11,Philadelphia 76ers,103,Toronto Raptors,119
Nov. 11,Portland Trail Blazers,101,San Antonio Spurs,113
Nov. 11,Sacramento Kings,101,Detroit Pistons,92
Nov. 12,Miami Heat,92,Utah Jazz,91
Nov. 12,Minnesota Timberwolves,116,Golden State Warriors,129
Nov. 12,Phoenix Suns,118,Los Angeles Clippers,104
Nov. 13,Boston Celtics,106,Atlanta Hawks,93
Nov. 13,Chicago Bulls,102,Charlotte Hornets,97
Nov. 13,Dallas Mavericks,90,Los Angeles Lakers,82
Nov. 13,Denver Nuggets,107,Houston Rockets,98
Nov. 13,Indiana Pacers,107,Minnesota Timberwolves,103
Nov. 13,Memphis Grizzlies,101,Portland Trail Blazers,100
Nov. 13,New York Knicks,84,Cleveland Cavaliers,90
Nov. 13,Oklahoma City Thunder,102,Philadelphia 76ers,85
Nov. 13,Orlando Magic,102,Utah Jazz,93
Nov. 13,Sacramento Kings,111,Brooklyn Nets,109
Nov. 13,Toronto Raptors,100,New Orleans Pelicans,81
Nov. 14,Golden State Warriors,107,Brooklyn Nets,99
Nov. 14,Houston Rockets,98,Dallas Mavericks,110
Nov. 14,Los Angeles Clippers,101,Detroit Pistons,96
Nov. 14,Milwaukee Bucks,108,Cleveland Cavaliers,105
Nov. 14,Phoenix Suns,105,Denver Nuggets,81
Nov. 14,San Antonio Spurs,92,Philadelphia 76ers,83
Nov. 14,Washington Wizards,108,Orlando Magic,99
Nov. 15,Atlanta Hawks,96,Utah Jazz,97
Nov. 15,Charlotte Hornets,106,Portland Trail Blazers,94
Nov. 15,Los Angeles Lakers,97,Detroit Pistons,85
Nov. 15,Minnesota Timberwolves,106,Memphis Grizzlies,114
Nov. 15,New York Knicks,95,New Orleans Pelicans,87
Nov. 15,Oklahoma City Thunder,85,Boston Celtics,100
Nov. 15,Sacramento Kings,107,Toronto Raptors,101
Nov. 16,Chicago Bulls,96,Indiana Pacers,95
Nov. 16,Houston Rockets,95,Boston Celtics,111
Nov. 16,Memphis Grizzlies,122,Oklahoma City Thunder,114
Nov. 16,Philadelphia 76ers,86,Dallas Mavericks,92
Nov. 16,Phoenix Suns,120,Los Angeles Lakers,101
Nov. 16,San Antonio Spurs,93,Portland Trail Blazers,80
Nov. 17,Brooklyn Nets,90,Atlanta Hawks,88
Nov. 17,Detroit Pistons,104,Cleveland Cavaliers,99
Nov. 17,Golden State Warriors,115,Toronto Raptors,110
Nov. 17,Miami Heat,91,Minnesota Timberwolves,103
Nov. 17,New Orleans Pelicans,98,Denver Nuggets,115
Nov. 17,New York Knicks,102,Charlotte Hornets,94
Nov. 17,Washington Wizards,115,Milwaukee Bucks,86
Nov. 18,Atlanta Hawks,103,Sacramento Kings,97
Nov. 18,Boston Celtics,102,Dallas Mavericks,106
Nov. 18,Charlotte Hornets,116,Brooklyn Nets,111
Nov. 18,Houston Rockets,108,Portland Trail Blazers,103
Nov. 18,Oklahoma City Thunder,110,New Orleans Pelicans,103
Nov. 18,Orlando Magic,104,Minnesota Timberwolves,101
Nov. 18,Philadelphia 76ers,85,Indiana Pacers,112
Nov. 18,Phoenix Suns,97,Chicago Bulls,103
Nov. 18,San Antonio Spurs,109,Denver Nuggets,98
Nov. 18,Utah Jazz,93,Toronto Raptors,89
Nov. 19,Cleveland Cavaliers,115,Milwaukee Bucks,100
Nov. 19,Los Angeles Clippers,117,Golden State Warriors,124
Nov. 19,Miami Heat,116,Sacramento Kings,109
Nov. 20,Boston Celtics,120,Brooklyn Nets,95
Nov. 20,Charlotte Hornets,113,Philadelphia 76ers,88
Nov. 20,Dallas Mavericks,102,Utah Jazz,93
Nov. 20,Denver Nuggets,107,Phoenix Suns,114
Nov. 20,Golden State Warriors,106,Chicago Bulls,94
Nov. 20,Los Angeles Lakers,91,Toronto Raptors,102
Nov. 20,Memphis Grizzlies,96,Houston Rockets,84
Nov. 20,Minnesota Timberwolves,86,Detroit Pistons,96
Nov. 20,New Orleans Pelicans,104,San Antonio Spurs,90
Nov. 20,Oklahoma City Thunder,90,New York Knicks,93
Nov. 20,Portland Trail Blazers,102,Los Angeles Clippers,91
Nov. 21,Cleveland Cavaliers,109,Atlanta Hawks,97
Nov. 21,Detroit Pistons,95,Washington Wizards,97
Nov. 21,Houston Rockets,102,New York Knicks,107
Nov. 21,Indiana Pacers,123,Milwaukee Bucks,86
Nov. 21,Miami Heat,96,Philadelphia 76ers,91
Nov. 21,Orlando Magic,91,Sacramento Kings,97
Nov. 21,San Antonio Spurs,92,Memphis Grizzlies,82
Nov. 22,Brooklyn Nets,111,Boston Celtics,101
Nov. 22,Denver Nuggets,105,Golden State Warriors,118
Nov. 22,Los Angeles Clippers,80,Toronto Raptors,91
Nov. 22,Los Angeles Lakers,93,Portland Trail Blazers,107
Nov. 22,New Orleans Pelicans,122,Phoenix Suns,116
Nov. 22,Oklahoma City Thunder,117,Dallas Mavericks,114
Nov. 23,Charlotte Hornets,127,Sacramento Kings,122
Nov. 23,Cleveland Cavaliers,117,Orlando Magic,103
Nov. 23,Miami Heat,95,New York Knicks,78
Nov. 23,Milwaukee Bucks,109,Detroit Pistons,88
Nov. 23,Minnesota Timberwolves,100,Philadelphia 76ers,95
Nov. 23,San Antonio Spurs,98,Phoenix Suns,84
Nov. 23,Utah Jazz,89,Oklahoma City Thunder,111
Nov. 24,Atlanta Hawks,121,Boston Celtics,97
Nov. 24,Denver Nuggets,94,Los Angeles Clippers,111
Nov. 24,Golden State Warriors,111,Los Angeles Lakers,77
Nov. 24,Memphis Grizzlies,110,Dallas Mavericks,96
Nov. 24,Portland Trail Blazers,88,Chicago Bulls,93
Nov. 24,Washington Wizards,106,Indiana Pacers,123
Nov. 25,Boston Celtics,84,Philadelphia 76ers,80
Nov. 25,Charlotte Hornets,101,Washington Wizards,87
Nov. 25,Detroit Pistons,104,Miami Heat,81
Nov. 25,Houston Rockets,93,Memphis Grizzlies,102
Nov. 25,Los Angeles Clippers,91,Utah Jazz,102
Nov. 25,Milwaukee Bucks,118,Sacramento Kings,129
Nov. 25,Minnesota Timberwolves,99,Atlanta Hawks,95
Nov. 25,Oklahoma City Thunder,110,Brooklyn Nets,99
Nov. 25,Orlando Magic,100,New York Knicks,91
Nov. 25,Phoenix Suns,114,New Orleans Pelicans,120
Nov. 25,San Antonio Spurs,88,Dallas Mavericks,83
Nov. 25,Toronto Raptors,103,Cleveland Cavaliers,99
Nov. 27,Boston Celtics,111,Washington Wizards,78
Nov. 27,Charlotte Hornets,90,Cleveland Cavaliers,95
Nov. 27,Denver Nuggets,80,San Antonio Spurs,91
Nov. 27,Houston Rockets,116,Philadelphia 76ers,114
Nov. 27,Indiana Pacers,104,Chicago Bulls,92
Nov. 27,Los Angeles Clippers,111,New Orleans Pelicans,90
Nov. 27,Memphis Grizzlies,101,Atlanta Hawks,116
Nov. 27,New York Knicks,78,Miami Heat,97
Nov. 27,Oklahoma City Thunder,103,Detroit Pistons,87
Nov. 27,Orlando Magic,114,Milwaukee Bucks,90
Nov. 27,Phoenix Suns,116,Golden State Warriors,135
Nov. 27,Sacramento Kings,91,Minnesota Timberwolves,101
Nov. 28,Cleveland Cavaliers,90,Brooklyn Nets,88
Nov. 28,Dallas Mavericks,92,Denver Nuggets,81
Nov. 28,Golden State Warriors,120,Sacramento Kings,101
Nov. 28,Portland Trail Blazers,108,Los Angeles Lakers,96
Nov. 28,San Antonio Spurs,108,Atlanta Hawks,88
Nov. 28,Utah Jazz,101,New Orleans Pelicans,87
Nov. 28,Washington Wizards,82,Toronto Raptors,84
Nov. 29,Brooklyn Nets,87,Detroit Pistons,83
Nov. 29,Charlotte Hornets,87,Milwaukee Bucks,82
Nov. 29,Los Angeles Clippers,107,Minnesota Timberwolves,99
Nov. 29,Los Angeles Lakers,103,Indiana Pacers,107
Nov. 29,Memphis Grizzlies,92,Philadelphia 76ers,84
Nov. 29,New York Knicks,111,Houston Rockets,116
Nov. 29,Orlando Magic,110,Boston Celtics,91
Nov. 29,Toronto Raptors,102,Phoenix Suns,107
Nov. 30,Atlanta Hawks,106,Oklahoma City Thunder,100
Nov. 30,Chicago Bulls,92,San Antonio Spurs,89
Nov. 30,Detroit Pistons,116,Houston Rockets,105
Nov. 30,Los Angeles Clippers,102,Portland Trail Blazers,87
Nov. 30,Miami Heat,95,Boston Celtics,105
Nov. 30,Milwaukee Bucks,92,Denver Nuggets,74
Nov. 30,Sacramento Kings,112,Dallas Mavericks,98
Nov. 30,Utah Jazz,103,Golden State Warriors,106
Dec. 1,Brooklyn Nets,94,Phoenix Suns,91
Dec. 1,Cleveland Cavaliers,85,Washington Wizards,97
Dec. 1,Minnesota Timberwolves,93,Orlando Magic,96
Dec. 1,New Orleans Pelicans,104,Memphis Grizzlies,113
Dec. 1,Philadelphia 76ers,103,Los Angeles Lakers,91
Dec. 1,Portland Trail Blazers,112,Dallas Mavericks,115
Dec. 2,Atlanta Hawks,86,Toronto Raptors,96
Dec. 2,Chicago Bulls,99,Denver Nuggets,90
Dec. 2,Charlotte Hornets,99,Golden State Warriors,116
Dec. 2,Detroit Pistons,127,Phoenix Suns,122
Dec. 2,Houston Rockets,108,New Orleans Pelicans,101
Dec. 2,Los Angeles Clippers,91,Indiana Pacers,103
Dec. 2,New York Knicks,99,Philadelphia 76ers,87
Dec. 2,San Antonio Spurs,95,Milwaukee Bucks,70
Dec. 2,Washington Wizards,104,Los Angeles Lakers,108
Dec. 3,Memphis Grizzlies,83,San Antonio Spurs,103
Dec. 3,Miami Heat,97,Oklahoma City Thunder,95
Dec. 3,Portland Trail Blazers,123,Indiana Pacers,111
Dec. 3,Sacramento Kings,97,Boston Celtics,114
Dec. 3,Toronto Raptors,105,Denver Nuggets,106
Dec. 3,Utah Jazz,94,Orlando Magic,103
Dec. 4,Atlanta Hawks,100,Los Angeles Lakers,87
Dec. 4,Dallas Mavericks,96,Houston Rockets,100
Dec. 4,Detroit Pistons,102,Milwaukee Bucks,95
Dec. 4,New Orleans Pelicans,114,Cleveland Cavaliers,108
Dec. 4,New York Knicks,108,Brooklyn Nets,91
Dec. 4,Washington Wizards,109,Phoenix Suns,106
Dec. 5,Chicago Bulls,96,Charlotte Hornets,102
Dec. 5,Houston Rockets,120,Sacramento Kings,113
Dec. 5,Los Angeles Clippers,103,Orlando Magic,101
Dec. 5,Miami Heat,99,Cleveland Cavaliers,84
Dec. 5,Milwaukee Bucks,106,New York Knicks,91
Dec. 5,Minnesota Timberwolves,103,Portland Trail Blazers,109
Dec. 5,Philadelphia 76ers,105,Denver Nuggets,108
Dec. 5,San Antonio Spurs,108,Boston Celtics,105
Dec. 5,Toronto Raptors,109,Golden State Warriors,112
Dec. 5,Utah Jazz,122,Indiana Pacers,119
Dec. 6,Brooklyn Nets,98,Golden State Warriors,114
Dec. 6,Detroit Pistons,111,Los Angeles Lakers,91
Dec. 6,Memphis Grizzlies,95,Phoenix Suns,93
Dec. 6,Oklahoma City Thunder,98,Sacramento Kings,95
Dec. 6,Washington Wizards,104,Dallas Mavericks,116
Dec. 7,Chicago Bulls,101,Phoenix Suns,103
Dec. 7,Charlotte Hornets,104,Detroit Pistons,84
Dec. 7,Miami Heat,103,Washington Wizards,114
Dec. 7,Milwaukee Bucks,90,Portland Trail Blazers,88
Dec. 7,Minnesota Timberwolves,106,Los Angeles Clippers,110
Dec. 7,New Orleans Pelicans,93,Boston Celtics,111
Dec. 7,New York Knicks,97,Dallas Mavericks,104
Dec. 7,Philadelphia 76ers,68,San Antonio Spurs,119
Dec. 7,Toronto Raptors,102,Los Angeles Lakers,93
Dec. 8,Brooklyn Nets,110,Houston Rockets,105
Dec. 8,Cleveland Cavaliers,105,Portland Trail Blazers,100
Dec. 8,Denver Nuggets,74,Orlando Magic,85
Dec. 8,Indiana Pacers,123,Golden State Warriors,131
Dec. 8,Memphis Grizzlies,88,Oklahoma City Thunder,125
Dec. 8,Sacramento Kings,114,Utah Jazz,106
Dec. 9,Boston Celtics,105,Chicago Bulls,100
Dec. 9,Charlotte Hornets,99,Miami Heat,81
Dec. 9,Dallas Mavericks,95,Atlanta Hawks,98
Dec. 9,Detroit Pistons,92,Memphis Grizzlies,93
Dec. 9,Milwaukee Bucks,95,Los Angeles Clippers,109
Dec. 9,Minnesota Timberwolves,123,Los Angeles Lakers,122
Dec. 9,Phoenix Suns,107,Orlando Magic,104
Dec. 9,Toronto Raptors,97,San Antonio Spurs,94
Dec. 9,Utah Jazz,106,New York Knicks,85
Dec. 9,Washington Wizards,103,Houston Rockets,109
Dec. 10,Brooklyn Nets,100,Philadelphia 76ers,91
Dec. 10,Chicago Bulls,83,Los Angeles Clippers,80
Dec. 10,Oklahoma City Thunder,107,Atlanta Hawks,94
Dec. 10,Sacramento Kings,99,New York Knicks,97
Dec. 11,Boston Celtics,119,Golden State Warriors,124
Dec. 11,Denver Nuggets,111,Minnesota Timberwolves,108
Dec. 11,Indiana Pacers,96,Miami Heat,83
Dec. 11,Memphis Grizzlies,99,Charlotte Hornets,123
Dec. 11,New Orleans Pelicans,107,Washington Wizards,105
Dec. 11,Orlando Magic,76,Cleveland Cavaliers,111
Dec. 11,Philadelphia 76ers,95,Detroit Pistons,107
Dec. 11,Phoenix Suns,96,Portland Trail Blazers,106
Dec. 11,San Antonio Spurs,109,Los Angeles Lakers,87
Dec. 11,Toronto Raptors,90,Milwaukee Bucks,83
Dec. 11,Utah Jazz,90,Oklahoma City Thunder,94
Dec. 12,Atlanta Hawks,78,San Antonio Spurs,103
Dec. 12,Brooklyn Nets,100,Los Angeles Clippers,105
Dec. 12,Chicago Bulls,98,New Orleans Pelicans,94
Dec. 12,Charlotte Hornets,93,Boston Celtics,98
Dec. 12,Dallas Mavericks,111,Washington Wizards,114
Dec. 12,Detroit Pistons,118,Indiana Pacers,96
Dec. 12,Houston Rockets,126,Los Angeles Lakers,97
Dec. 12,Milwaukee Bucks,108,Golden State Warriors,95
Dec. 12,Portland Trail Blazers,110,New York Knicks,112
Dec. 13,Miami Heat,100,Memphis Grizzlies,97
Dec. 13,Oklahoma City Thunder,104,Utah Jazz,98
Dec. 13,Phoenix Suns,108,Minnesota Timberwolves,101
Dec. 13,Toronto Raptors,96,Philadelphia 76ers,76
Dec. 14,Atlanta Hawks,88,Miami Heat,100
Dec. 14,Brooklyn Nets,82,Orlando Magic,105
Dec. 14,Chicago Bulls,115,Philadelphia 76ers,96
Dec. 14,Dallas Mavericks,104,Phoenix Suns,94
Dec. 14,Denver Nuggets,114,Houston Rockets,108
Dec. 14,Detroit Pistons,103,Los Angeles Clippers,105
Dec. 14,Indiana Pacers,106,Toronto Raptors,90
Dec. 14,Memphis Grizzlies,112,Washington Wizards,95
Dec. 14,Portland Trail Blazers,105,New Orleans Pelicans,101
Dec. 14,San Antonio Spurs,118,Utah Jazz,81
Dec. 15,Boston Celtics,77,Cleveland Cavaliers,89
Dec. 15,Los Angeles Lakers,113,Milwaukee Bucks,95
Dec. 15,Minnesota Timberwolves,100,Denver Nuggets,112
Dec. 15,Sacramento Kings,107,Houston Rockets,97
Dec. 16,Atlanta Hawks,127,Philadelphia 76ers,106
Dec. 16,Brooklyn Nets,98,Miami Heat,104
Dec. 16,Chicago Bulls,98,Memphis Grizzlies,85
Dec. 16,Detroit Pistons,119,Boston Celtics,116
Dec. 16,Golden State Warriors,128,Phoenix Suns,103
Dec. 16,Indiana Pacers,107,Dallas Mavericks,81
Dec. 16,Los Angeles Clippers,103,Milwaukee Bucks,90
Dec. 16,New York Knicks,107,Minnesota Timberwolves,102
Dec. 16,Oklahoma City Thunder,106,Portland Trail Blazers,90
Dec. 16,Orlando Magic,113,Charlotte Hornets,98
Dec. 16,San Antonio Spurs,114,Washington Wizards,95
Dec. 16,Utah Jazz,94,New Orleans Pelicans,104
Dec. 17,Charlotte Hornets,109,Toronto Raptors,99
Dec. 17,Cleveland Cavaliers,104,Oklahoma City Thunder,100
Dec. 17,Los Angeles Lakers,87,Houston Rockets,107
Dec. 18,Boston Celtics,101,Atlanta Hawks,109
Dec. 18,Chicago Bulls,144,Detroit Pistons,147
Dec. 18,Dallas Mavericks,97,Memphis Grizzlies,88
Dec. 18,Golden State Warriors,121,Milwaukee Bucks,112
Dec. 18,Indiana Pacers,104,Brooklyn Nets,97
Dec. 18,Miami Heat,94,Toronto Raptors,108
Dec. 18,Minnesota Timberwolves,99,Sacramento Kings,95
Dec. 18,Orlando Magic,102,Portland Trail Blazers,94
Dec. 18,Philadelphia 76ers,97,New York Knicks,107
Dec. 18,Phoenix Suns,104,New Orleans Pelicans,88
Dec. 18,San Antonio Spurs,115,Los Angeles Clippers,107
Dec. 18,Utah Jazz,97,Denver Nuggets,88
Dec. 19,Houston Rockets,107,Los Angeles Clippers,97
Dec. 19,Memphis Grizzlies,96,Indiana Pacers,84
Dec. 19,New York Knicks,107,Chicago Bulls,91
Dec. 19,Oklahoma City Thunder,118,Los Angeles Lakers,78
Dec. 19,Washington Wizards,109,Charlotte Hornets,101
Dec. 20,Brooklyn Nets,85,Minnesota Timberwolves,100
Dec. 20,Cleveland Cavaliers,108,Philadelphia 76ers,86
Dec. 20,Denver Nuggets,125,New Orleans Pelicans,130
Dec. 20,Miami Heat,116,Portland Trail Blazers,109
Dec. 20,Orlando Magic,100,Atlanta Hawks,103
Dec. 20,Phoenix Suns,95,Milwaukee Bucks,101
Dec. 20,Toronto Raptors,94,Sacramento Kings,104
Dec. 21,Atlanta Hawks,106,Portland Trail Blazers,97
Dec. 21,Boston Celtics,113,Minnesota Timberwolves,99
Dec. 21,Chicago Bulls,102,Brooklyn Nets,105
Dec. 21,Houston Rockets,102,Charlotte Hornets,95
Dec. 21,Los Angeles Clippers,99,Oklahoma City Thunder,100
Dec. 21,New York Knicks,99,Orlando Magic,107
Dec. 21,San Antonio Spurs,106,Indiana Pacers,92
Dec. 21,Utah Jazz,110,Phoenix Suns,89
Dec. 21,Washington Wizards,113,Sacramento Kings,99
Dec. 22,Denver Nuggets,107,Los Angeles Lakers,111
Dec. 22,Miami Heat,92,Detroit Pistons,93
Dec. 22,Philadelphia 76ers,90,Memphis Grizzlies,104
Dec. 22,Toronto Raptors,103,Dallas Mavericks,99
Dec. 23,Atlanta Hawks,107,Detroit Pistons,100
Dec. 23,Brooklyn Nets,118,Dallas Mavericks,119
Dec. 23,Charlotte Hornets,89,Boston Celtics,102
Dec. 23,Cleveland Cavaliers,91,New York Knicks,84
Dec. 23,Golden State Warriors,103,Utah Jazz,85
Dec. 23,Indiana Pacers,106,Sacramento Kings,108
Dec. 23,Los Angeles Lakers,85,Oklahoma City Thunder,120
Dec. 23,Milwaukee Bucks,113,Philadelphia 76ers,100
Dec. 23,Minnesota Timberwolves,83,San Antonio Spurs,108
Dec. 23,New Orleans Pelicans,115,Portland Trail Blazers,89
Dec. 23,Orlando Magic,104,Houston Rockets,101
Dec. 23,Phoenix Suns,96,Denver Nuggets,104
Dec. 23,Washington Wizards,100,Memphis Grizzlies,91
Dec. 25,Golden State Warriors,89,Cleveland Cavaliers,83
Dec. 25,Houston Rockets,88,San Antonio Spurs,84
Dec. 25,Los Angeles Lakers,84,Los Angeles Clippers,94
Dec. 25,Miami Heat,94,New Orleans Pelicans,88
Dec. 25,Oklahoma City Thunder,96,Chicago Bulls,105
Dec. 26,Atlanta Hawks,117,New York Knicks,98
Dec. 26,Brooklyn Nets,96,Washington Wizards,111
Dec. 26,Charlotte Hornets,98,Memphis Grizzlies,92
Dec. 26,Dallas Mavericks,118,Chicago Bulls,111
Dec. 26,Detroit Pistons,93,Boston Celtics,99
Dec. 26,Milwaukee Bucks,90,Toronto Raptors,111
Dec. 26,Minnesota Timberwolves,88,Indiana Pacers,102
Dec. 26,New Orleans Pelicans,110,Houston Rockets,108
Dec. 26,Orlando Magic,101,Miami Heat,108
Dec. 26,Phoenix Suns,104,Philadelphia 76ers,111
Dec. 26,Portland Trail Blazers,105,Cleveland Cavaliers,76
Dec. 26,San Antonio Spurs,101,Denver Nuggets,86
Dec. 26,Utah Jazz,104,Los Angeles Clippers,109
Dec. 27,Boston Celtics,100,New York Knicks,91
Dec. 27,Memphis Grizzlies,112,Los Angeles Lakers,96
Dec. 27,Oklahoma City Thunder,122,Denver Nuggets,112
Dec. 27,Sacramento Kings,94,Portland Trail Blazers,98
Dec. 28,Chicago Bulls,104,Toronto Raptors,97
Dec. 28,Charlotte Hornets,108,Los Angeles Lakers,98
Dec. 28,Dallas Mavericks,103,Milwaukee Bucks,93
Dec. 28,Golden State Warriors,122,Sacramento Kings,103
Dec. 28,Indiana Pacers,93,Atlanta Hawks,87
Dec. 28,Miami Heat,105,Brooklyn Nets,111
Dec. 28,Orlando Magic,104,New Orleans Pelicans,89
Dec. 28,Phoenix Suns,97,Cleveland Cavaliers,101
Dec. 28,San Antonio Spurs,101,Minnesota Timberwolves,95
Dec. 28,Utah Jazz,95,Philadelphia 76ers,91
Dec. 28,Washington Wizards,91,Los Angeles Clippers,108
Dec. 29,Denver Nuggets,87,Cleveland Cavaliers,93
Dec. 29,Houston Rockets,115,Atlanta Hawks,121
Dec. 29,Memphis Grizzlies,99,Miami Heat,90
Dec. 29,New York Knicks,108,Detroit Pistons,96
Dec. 29,Oklahoma City Thunder,131,Milwaukee Bucks,123
Dec. 30,Boston Celtics,104,Los Angeles Lakers,112
Dec. 30,Chicago Bulls,102,Indiana Pacers,100
Dec. 30,Charlotte Hornets,117,Los Angeles Clippers,122
Dec. 30,Dallas Mavericks,114,Golden State Warriors,91
Dec. 30,Minnesota Timberwolves,94,Utah Jazz,80
Dec. 30,Orlando Magic,100,Brooklyn Nets,93
Dec. 30,Portland Trail Blazers,110,Denver Nuggets,103
Dec. 30,Sacramento Kings,105,Philadelphia 76ers,110
Dec. 30,San Antonio Spurs,112,Phoenix Suns,79
Dec. 30,Toronto Raptors,94,Washington Wizards,91
Dec. 31,Detroit Pistons,115,Minnesota Timberwolves,90
Dec. 31,Houston Rockets,110,Golden State Warriors,114
Dec. 31,Indiana Pacers,116,Milwaukee Bucks,120
Dec. 31,New Orleans Pelicans,89,Los Angeles Clippers,95
Dec. 31,Oklahoma City Thunder,110,Phoenix Suns,106
Dec. 31,Utah Jazz,109,Portland Trail Blazers,96
Jan. 1,Chicago Bulls,108,New York Knicks,81
Jan. 1,Los Angeles Lakers,93,Philadelphia 76ers,84
Jan. 1,Miami Heat,106,Dallas Mavericks,82
Jan. 1,Toronto Raptors,104,Charlotte Hornets,94
Jan. 1,Washington Wizards,103,Orlando Magic,91
Jan. 2,Boston Celtics,97,Brooklyn Nets,100
Jan. 2,Charlotte Hornets,90,Oklahoma City Thunder,109
Jan. 2,Cleveland Cavaliers,104,Orlando Magic,79
Jan. 2,Dallas Mavericks,98,New Orleans Pelicans,105
Jan. 2,Golden State Warriors,111,Denver Nuggets,108
Jan. 2,Indiana Pacers,94,Detroit Pistons,82
Jan. 2,Los Angeles Clippers,130,Philadelphia 76ers,99
Jan. 2,Minnesota Timberwolves,85,Milwaukee Bucks,95
Jan. 2,Sacramento Kings,142,Phoenix Suns,119
Jan. 2,San Antonio Spurs,121,Houston Rockets,103
Jan. 2,Utah Jazz,92,Memphis Grizzlies,87
Jan. 3,Denver Nuggets,106,Portland Trail Blazers,112
Jan. 3,Los Angeles Lakers,97,Phoenix Suns,77
Jan. 3,New York Knicks,111,Atlanta Hawks,97
Jan. 3,Toronto Raptors,113,Chicago Bulls,115
Jan. 3,Washington Wizards,75,Miami Heat,97
Jan. 4,Brooklyn Nets,94,Boston Celtics,103
Jan. 4,Cleveland Cavaliers,122,Toronto Raptors,100
Jan. 4,Detroit Pistons,115,Orlando Magic,89
Jan. 4,Golden State Warriors,111,Charlotte Hornets,101
Jan. 4,Miami Heat,103,Indiana Pacers,100
Jan. 4,Milwaukee Bucks,98,San Antonio Spurs,123
Jan. 4,Oklahoma City Thunder,104,Sacramento Kings,116
Jan. 4,Philadelphia 76ers,109,Minnesota Timberwolves,99
Jan. 4,Portland Trail Blazers,78,Memphis Grizzlies,91
Jan. 4,Utah Jazz,91,Houston Rockets,93
Jan. 5,Atlanta Hawks,101,New York Knicks,107
Jan. 5,Chicago Bulls,117,Milwaukee Bucks,106
Jan. 5,Dallas Mavericks,117,Sacramento Kings,116
Jan. 5,Los Angeles Lakers,88,Golden State Warriors,109
Jan. 6,Boston Celtics,94,Detroit Pistons,99
Jan. 6,Brooklyn Nets,74,Toronto Raptors,91
Jan. 6,Miami Heat,90,New York Knicks,98
Jan. 6,Minnesota Timberwolves,74,Denver Nuggets,78
Jan. 6,New Orleans Pelicans,91,Dallas Mavericks,100
Jan. 6,Oklahoma City Thunder,112,Memphis Grizzlies,94
Jan. 6,Orlando Magic,86,Indiana Pacers,95
Jan. 6,Phoenix Suns,111,Charlotte Hornets,102
Jan. 6,Portland Trail Blazers,98,Los Angeles Clippers,109
Jan. 6,San Antonio Spurs,123,Utah Jazz,98
Jan. 6,Washington Wizards,115,Cleveland Cavaliers,121
Jan. 7,Chicago Bulls,101,Boston Celtics,92
Jan. 7,Houston Rockets,103,Utah Jazz,94
Jan. 7,Philadelphia 76ers,98,Atlanta Hawks,126
Jan. 7,Sacramento Kings,118,Los Angeles Lakers,115
Jan. 8,Brooklyn Nets,77,Orlando Magic,83
Jan. 8,Los Angeles Lakers,113,Oklahoma City Thunder,117
Jan. 8,Memphis Grizzlies,91,Denver Nuggets,84
Jan. 8,Milwaukee Bucks,96,Dallas Mavericks,95
Jan. 8,Minnesota Timberwolves,99,Cleveland Cavaliers,125
Jan. 8,New Orleans Pelicans,86,Indiana Pacers,91
Jan. 8,Phoenix Suns,95,Miami Heat,103
Jan. 8,Portland Trail Blazers,108,Golden State Warriors,128
Jan. 8,San Antonio Spurs,100,New York Knicks,99
Jan. 8,Washington Wizards,88,Toronto Raptors,97
Jan. 9,Atlanta Hawks,120,Chicago Bulls,105
Jan. 9,Detroit Pistons,103,Brooklyn Nets,89
Jan. 9,Los Angeles Clippers,97,Charlotte Hornets,83
Jan. 9,Orlando Magic,99,Washington Wizards,105
Jan. 9,Philadelphia 76ers,95,Toronto Raptors,108
Jan. 9,Sacramento Kings,116,Golden State Warriors,128
Jan. 9,Utah Jazz,98,Miami Heat,83
Jan. 10,Denver Nuggets,95,Charlotte Hornets,92
Jan. 10,Houston Rockets,107,Indiana Pacers,103
Jan. 10,Los Angeles Clippers,114,New Orleans Pelicans,111
Jan. 10,Los Angeles Lakers,74,Utah Jazz,86
Jan. 10,Memphis Grizzlies,101,Boston Celtics,98
Jan. 10,Minnesota Timberwolves,87,Dallas Mavericks,93
Jan. 10,New York Knicks,100,Milwaukee Bucks,88
Jan. 10,Philadelphia 76ers,85,Cleveland Cavaliers,95
Jan. 10,Portland Trail Blazers,115,Oklahoma City Thunder,110
Jan. 11,Brooklyn Nets,79,San Antonio Spurs,106
Jan. 11,Chicago Bulls,100,Washington Wizards,114
Jan. 11,Golden State Warriors,111,Miami Heat,103
Jan. 12,Dallas Mavericks,107,Cleveland Cavaliers,110
Jan. 12,Detroit Pistons,99,San Antonio Spurs,109
Jan. 12,Indiana Pacers,116,Phoenix Suns,97
Jan. 12,Los Angeles Lakers,95,New Orleans Pelicans,91
Jan. 12,Memphis Grizzlies,91,Houston Rockets,107
Jan. 12,Milwaukee Bucks,106,Chicago Bulls,101
Jan. 12,Minnesota Timberwolves,96,Oklahoma City Thunder,101
Jan. 12,New York Knicks,120,Boston Celtics,114
Jan. 13,Boston Celtics,103,Indiana Pacers,94
Jan. 13,Brooklyn Nets,110,New York Knicks,104
Jan. 13,Charlotte Hornets,107,Atlanta Hawks,84
Jan. 13,Denver Nuggets,112,Golden State Warriors,110
Jan. 13,Houston Rockets,107,Minnesota Timberwolves,104
Jan. 13,Los Angeles Clippers,104,Miami Heat,90
Jan. 13,Oklahoma City Thunder,108,Dallas Mavericks,89
Jan. 13,Portland Trail Blazers,99,Utah Jazz,85
Jan. 13,Sacramento Kings,97,New Orleans Pelicans,109
Jan. 13,Washington Wizards,106,Milwaukee Bucks,101
Jan. 14,Golden State Warriors,116,Los Angeles Lakers,98
Jan. 14,Memphis Grizzlies,103,Detroit Pistons,101
Jan. 14,Orlando Magic,103,Toronto Raptors,106
Jan. 14,Philadelphia 76ers,111,Chicago Bulls,115
Jan. 14,San Antonio Spurs,99,Cleveland Cavaliers,95
Jan. 14,Utah Jazz,101,Sacramento Kings,103
Jan. 15,Boston Celtics,117,Phoenix Suns,103
Jan. 15,Brooklyn Nets,104,Portland Trail Blazers,116
Jan. 15,Chicago Bulls,77,Dallas Mavericks,83
Jan. 15,Denver Nuggets,95,Miami Heat,98
Jan. 15,Houston Rockets,77,Cleveland Cavaliers,91
Jan. 15,Indiana Pacers,104,Washington Wizards,118
Jan. 15,Milwaukee Bucks,108,Atlanta Hawks,101
Jan. 15,New Orleans Pelicans,109,Charlotte Hornets,107
Jan. 15,Oklahoma City Thunder,113,Minnesota Timberwolves,93
Jan. 16,Atlanta Hawks,114,Brooklyn Nets,86
Jan. 16,Charlotte Hornets,92,Milwaukee Bucks,105
Jan. 16,Detroit Pistons,113,Golden State Warriors,95
Jan. 16,Los Angeles Clippers,103,Sacramento Kings,110
Jan. 16,Memphis Grizzlies,103,New York Knicks,95
Jan. 16,Philadelphia 76ers,114,Portland Trail Blazers,89
Jan. 16,Utah Jazz,109,Los Angeles Lakers,82
Jan. 16,Washington Wizards,117,Boston Celtics,119
Jan. 17,Denver Nuggets,129,Indiana Pacers,126
Jan. 17,Los Angeles Lakers,95,Houston Rockets,112
Jan. 17,Minnesota Timberwolves,117,Phoenix Suns,87
Jan. 17,Oklahoma City Thunder,99,Miami Heat,74
Jan. 17,San Antonio Spurs,112,Dallas Mavericks,83
Jan. 18,Atlanta Hawks,98,Orlando Magic,81
Jan. 18,Charlotte Hornets,124,Utah Jazz,119
Jan. 18,Cleveland Cavaliers,98,Golden State Warriors,132
Jan. 18,Dallas Mavericks,118,Boston Celtics,113
Jan. 18,Detroit Pistons,101,Chicago Bulls,111
Jan. 18,Los Angeles Clippers,140,Houston Rockets,132
Jan. 18,Memphis Grizzlies,101,New Orleans Pelicans,99
Jan. 18,New York Knicks,119,Philadelphia 76ers,113
Jan. 18,Toronto Raptors,112,Brooklyn Nets,100
Jan. 18,Washington Wizards,98,Portland Trail Blazers,108
Jan. 19,Denver Nuggets,104,Oklahoma City Thunder,110
Jan. 19,Miami Heat,79,Milwaukee Bucks,91
Jan. 19,New Orleans Pelicans,114,Minnesota Timberwolves,99
Jan. 19,Phoenix Suns,94,Indiana Pacers,97
Jan. 20,Brooklyn Nets,78,Cleveland Cavaliers,91
Jan. 20,Chicago Bulls,94,Golden State Warriors,125
Jan. 20,Dallas Mavericks,106,Minnesota Timberwolves,94
Jan. 20,Houston Rockets,114,Detroit Pistons,123
Jan. 20,Los Angeles Lakers,93,Sacramento Kings,112
Jan. 20,New York Knicks,118,Utah Jazz,111
Jan. 20,Oklahoma City Thunder,109,Charlotte Hornets,95
Jan. 20,Orlando Magic,87,Philadelphia 76ers,96
Jan. 20,Portland Trail Blazers,98,Atlanta Hawks,104
Jan. 20,Toronto Raptors,115,Boston Celtics,109
Jan. 20,Washington Wizards,106,Miami Heat,87
Jan. 21,Cleveland Cavaliers,115,Los Angeles Clippers,102
Jan. 21,Denver Nuggets,101,Memphis Grizzlies,102
Jan. 21,New Orleans Pelicans,115,Detroit Pistons,99
Jan. 21,Phoenix Suns,89,San Antonio Spurs,117
Jan. 21,Sacramento Kings,91,Atlanta Hawks,88
Jan. 22,Boston Celtics,110,Chicago Bulls,101
Jan. 22,Brooklyn Nets,86,Utah Jazz,108
Jan. 22,Dallas Mavericks,106,Oklahoma City Thunder,109
Jan. 22,Golden State Warriors,122,Indiana Pacers,110
Jan. 22,Houston Rockets,102,Milwaukee Bucks,98
Jan. 22,Los Angeles Lakers,95,San Antonio Spurs,108
Jan. 22,New York Knicks,88,Los Angeles Clippers,116
Jan. 22,Orlando Magic,116,Charlotte Hornets,120
Jan. 22,Toronto Raptors,101,Miami Heat,81
Jan. 23,Charlotte Hornets,97,New York Knicks,84
Jan. 23,Cleveland Cavaliers,83,Chicago Bulls,96
Jan. 23,Denver Nuggets,104,Detroit Pistons,101
Jan. 23,Minnesota Timberwolves,106,Memphis Grizzlies,101
Jan. 23,New Orleans Pelicans,116,Milwaukee Bucks,99
Jan. 23,Phoenix Suns,98,Atlanta Hawks,95
Jan. 23,Portland Trail Blazers,121,Los Angeles Lakers,103
Jan. 23,Sacramento Kings,108,Indiana Pacers,97
Jan. 24,Brooklyn Nets,116,Oklahoma City Thunder,106
Jan. 24,Houston Rockets,115,Dallas Mavericks,104
Jan. 24,Philadelphia 76ers,92,Boston Celtics,112
Jan. 24,Toronto Raptors,112,Los Angeles Clippers,94
Jan. 25,Chicago Bulls,84,Miami Heat,89
Jan. 25,Cleveland Cavaliers,114,Minnesota Timberwolves,107
Jan. 25,Denver Nuggets,105,Atlanta Hawks,119
Jan. 25,Golden State Warriors,120,San Antonio Spurs,90
Jan. 25,Memphis Grizzlies,108,Orlando Magic,102
Jan. 25,New Orleans Pelicans,111,Houston Rockets,112
Jan. 25,Sacramento Kings,128,Charlotte Hornets,129
Jan. 25,Utah Jazz,92,Detroit Pistons,95
Jan. 25,Washington Wizards,91,Boston Celtics,116
Jan. 26,Brooklyn Nets,98,Miami Heat,102
Jan. 26,Indiana Pacers,89,Los Angeles Clippers,91
Jan. 26,Los Angeles Lakers,90,Dallas Mavericks,92
Jan. 26,Milwaukee Bucks,107,Orlando Magic,100
Jan. 26,New York Knicks,122,Oklahoma City Thunder,128
Jan. 26,Philadelphia 76ers,113,Phoenix Suns,103
Jan. 26,Portland Trail Blazers,112,Sacramento Kings,97
Jan. 26,Toronto Raptors,106,Washington Wizards,89
Jan. 27,Atlanta Hawks,83,Los Angeles Clippers,85
Jan. 27,Boston Celtics,111,Denver Nuggets,103
Jan. 27,Cleveland Cavaliers,115,Phoenix Suns,93
Jan. 27,Detroit Pistons,110,Philadelphia 76ers,97
Jan. 27,Golden State Warriors,127,Dallas Mavericks,107
Jan. 27,Minnesota Timberwolves,123,Oklahoma City Thunder,126
Jan. 27,San Antonio Spurs,130,Houston Rockets,99
Jan. 27,Utah Jazz,102,Charlotte Hornets,73
Jan. 28,Indiana Pacers,111,Atlanta Hawks,92
Jan. 28,Los Angeles Lakers,91,Chicago Bulls,114
Jan. 28,Memphis Grizzlies,103,Milwaukee Bucks,83
Jan. 28,New Orleans Pelicans,114,Sacramento Kings,105
Jan. 28,Toronto Raptors,103,New York Knicks,93
Jan. 28,Washington Wizards,113,Denver Nuggets,117
Jan. 29,Boston Celtics,113,Orlando Magic,94
Jan. 29,Dallas Mavericks,91,Brooklyn Nets,79
Jan. 29,Detroit Pistons,106,Cleveland Cavaliers,114
Jan. 29,Los Angeles Clippers,105,Los Angeles Lakers,93
Jan. 29,Milwaukee Bucks,103,Miami Heat,107
Jan. 29,New York Knicks,102,Phoenix Suns,84
Jan. 29,Oklahoma City Thunder,116,Houston Rockets,108
Jan. 29,Portland Trail Blazers,109,Charlotte Hornets,91
Jan. 29,Utah Jazz,103,Minnesota Timberwolves,90
Jan. 30,Cleveland Cavaliers,117,San Antonio Spurs,103
Jan. 30,Houston Rockets,122,Washington Wizards,123
Jan. 30,Indiana Pacers,109,Denver Nuggets,105
Jan. 30,Memphis Grizzlies,121,Sacramento Kings,117
Jan. 30,New Orleans Pelicans,105,Brooklyn Nets,103
Jan. 30,Philadelphia 76ers,105,Golden State Warriors,108
Jan. 30,Toronto Raptors,111,Detroit Pistons,107
Jan. 31,Dallas Mavericks,91,Phoenix Suns,78
Jan. 31,Los Angeles Clippers,120,Chicago Bulls,93
Jan. 31,Los Angeles Lakers,82,Charlotte Hornets,101
Jan. 31,Miami Heat,105,Atlanta Hawks,87
Jan. 31,New York Knicks,95,Golden State Warriors,116
Jan. 31,Orlando Magic,119,Boston Celtics,114
Jan. 31,Portland Trail Blazers,96,Minnesota Timberwolves,93
Feb. 1,Atlanta Hawks,112,Dallas Mavericks,97
Feb. 1,Brooklyn Nets,100,Detroit Pistons,105
Feb. 1,Denver Nuggets,112,Toronto Raptors,93
Feb. 1,Indiana Pacers,106,Cleveland Cavaliers,111
Feb. 1,New Orleans Pelicans,95,Memphis Grizzlies,110
Feb. 1,Oklahoma City Thunder,114,Washington Wizards,98
Feb. 1,Sacramento Kings,111,Milwaukee Bucks,104
Feb. 1,San Antonio Spurs,107,Orlando Magic,92
Feb. 1,Utah Jazz,105,Chicago Bulls,96
Feb. 2,Houston Rockets,115,Miami Heat,102
Feb. 2,Los Angeles Lakers,119,Minnesota Timberwolves,115
Feb. 2,New York Knicks,89,Boston Celtics,97
Feb. 2,Phoenix Suns,97,Toronto Raptors,104
Feb. 2,Portland Trail Blazers,107,Milwaukee Bucks,95
Feb. 3,Boston Celtics,102,Detroit Pistons,95
Feb. 3,Brooklyn Nets,100,Indiana Pacers,114
Feb. 3,Charlotte Hornets,106,Cleveland Cavaliers,97
Feb. 3,Dallas Mavericks,90,Miami Heat,93
Feb. 3,Los Angeles Clippers,102,Minnesota Timberwolves,108
Feb. 3,Oklahoma City Thunder,117,Orlando Magic,114
Feb. 3,Philadelphia 76ers,86,Atlanta Hawks,124
Feb. 3,Sacramento Kings,102,Chicago Bulls,107
Feb. 3,San Antonio Spurs,110,New Orleans Pelicans,97
Feb. 3,Utah Jazz,85,Denver Nuggets,81
Feb. 3,Washington Wizards,121,Golden State Warriors,134
Feb. 4,Detroit Pistons,111,New York Knicks,105
Feb. 4,New Orleans Pelicans,96,Los Angeles Lakers,99
Feb. 4,Phoenix Suns,105,Houston Rockets,111
Feb. 4,Portland Trail Blazers,103,Toronto Raptors,110
Feb. 5,Atlanta Hawks,102,Indiana Pacers,96
Feb. 5,Brooklyn Nets,128,Sacramento Kings,119
Feb. 5,Charlotte Hornets,95,Miami Heat,98
Feb. 5,Cleveland Cavaliers,103,Boston Celtics,104
Feb. 5,Dallas Mavericks,90,San Antonio Spurs,116
Feb. 5,Denver Nuggets,115,Chicago Bulls,110
Feb. 5,New York Knicks,85,Memphis Grizzlies,91
Feb. 5,Orlando Magic,93,Los Angeles Clippers,107
Feb. 5,Utah Jazz,84,Milwaukee Bucks,81
Feb. 5,Washington Wizards,106,Philadelphia 76ers,94
Feb. 6,Charlotte Hornets,108,Washington Wizards,104
Feb. 6,Cleveland Cavaliers,99,New Orleans Pelicans,84
Feb. 6,Golden State Warriors,116,Oklahoma City Thunder,108
Feb. 6,Houston Rockets,79,Portland Trail Blazers,96
Feb. 6,Indiana Pacers,112,Detroit Pistons,104
Feb. 6,Memphis Grizzlies,110,Dallas Mavericks,114
Feb. 6,Minnesota Timberwolves,112,Chicago Bulls,105
Feb. 6,Philadelphia 76ers,103,Brooklyn Nets,98
Feb. 6,Phoenix Suns,89,Utah Jazz,98
Feb. 6,San Antonio Spurs,106,Los Angeles Lakers,102
Feb. 7,Boston Celtics,128,Sacramento Kings,119
Feb. 7,Miami Heat,93,Los Angeles Clippers,100
Feb. 7,New York Knicks,96,Denver Nuggets,101
Feb. 7,Orlando Magic,96,Atlanta Hawks,94
Feb. 8,Atlanta Hawks,110,Orlando Magic,117
Feb. 8,Brooklyn Nets,105,Denver Nuggets,104
Feb. 8,Charlotte Hornets,108,Chicago Bulls,91
Feb. 8,Cleveland Cavaliers,120,Sacramento Kings,100
Feb. 8,Detroit Pistons,89,Toronto Raptors,103
Feb. 8,Indiana Pacers,89,Los Angeles Lakers,87
Feb. 8,Memphis Grizzlies,106,Portland Trail Blazers,112
Feb. 8,Minnesota Timberwolves,102,New Orleans Pelicans,116
Feb. 8,Philadelphia 76ers,92,Los Angeles Clippers,98
Feb. 8,Phoenix Suns,106,Oklahoma City Thunder,122
Feb. 9,Dallas Mavericks,119,Utah Jazz,121
Feb. 9,Golden State Warriors,123,Houston Rockets,110
Feb. 9,Miami Heat,101,San Antonio Spurs,119
Feb. 9,Milwaukee Bucks,112,Boston Celtics,111
Feb. 9,New York Knicks,108,Washington Wizards,111
Feb. 10,Boston Celtics,139,Los Angeles Clippers,134
Feb. 10,Brooklyn Nets,90,Memphis Grizzlies,109
Feb. 10,Chicago Bulls,90,Atlanta Hawks,113
Feb. 10,Cleveland Cavaliers,120,Los Angeles Lakers,111
Feb. 10,Detroit Pistons,92,Denver Nuggets,103
Feb. 10,Indiana Pacers,95,Charlotte Hornets,117
Feb. 10,Minnesota Timberwolves,117,Toronto Raptors,112
Feb. 10,New Orleans Pelicans,100,Utah Jazz,96
Feb. 10,Orlando Magic,96,San Antonio Spurs,98
Feb. 10,Philadelphia 76ers,110,Sacramento Kings,114
Feb. 10,Phoenix Suns,104,Golden State Warriors,112
Feb. 10,Portland Trail Blazers,116,Houston Rockets,103
Feb. 11,Milwaukee Bucks,99,Washington Wizards,92
Feb. 11,Oklahoma City Thunder,121,New Orleans Pelicans,95
Feb. 18,Cleveland Cavaliers,106,Chicago Bulls,95
Feb. 18,Los Angeles Clippers,105,San Antonio Spurs,86
Feb. 18,Washington Wizards,103,Utah Jazz,89
Feb. 19,Atlanta Hawks,111,Miami Heat,115
Feb. 19,Brooklyn Nets,109,New York Knicks,98
Feb. 19,Chicago Bulls,116,Toronto Raptors,106
Feb. 19,Los Angeles Lakers,113,San Antonio Spurs,119
Feb. 19,Memphis Grizzlies,109,Minnesota Timberwolves,104
Feb. 19,Milwaukee Bucks,95,Charlotte Hornets,98
Feb. 19,New Orleans Pelicans,121,Philadelphia 76ers,114
Feb. 19,Oklahoma City Thunder,98,Indiana Pacers,101
Feb. 19,Orlando Magic,110,Dallas Mavericks,104
Feb. 19,Phoenix Suns,100,Houston Rockets,116
Feb. 19,Portland Trail Blazers,137,Golden State Warriors,105
Feb. 19,Sacramento Kings,116,Denver Nuggets,110
Feb. 19,Utah Jazz,111,Boston Celtics,93
Feb. 19,Washington Wizards,98,Detroit Pistons,86
Feb. 20,Atlanta Hawks,109,Milwaukee Bucks,117
Feb. 20,Los Angeles Clippers,112,Golden State Warriors,115
Feb. 20,Miami Heat,114,Washington Wizards,94
Feb. 20,Minnesota Timberwolves,95,New York Knicks,103
Feb. 21,Brooklyn Nets,96,Charlotte Hornets,104
Feb. 21,Chicago Bulls,126,Los Angeles Lakers,115
Feb. 21,Dallas Mavericks,129,Philadelphia 76ers,103
Feb. 21,Denver Nuggets,101,Boston Celtics,121
Feb. 21,Detroit Pistons,106,New Orleans Pelicans,111
Feb. 21,Oklahoma City Thunder,92,Cleveland Cavaliers,115
Feb. 21,Orlando Magic,102,Indiana Pacers,105
Feb. 21,Phoenix Suns,111,San Antonio Spurs,118
Feb. 21,Portland Trail Blazers,115,Utah Jazz,111
Feb. 21,Toronto Raptors,98,Memphis Grizzlies,85
Feb. 22,Atlanta Hawks,92,Golden State Warriors,102
Feb. 22,Cleveland Cavaliers,88,Detroit Pistons,96
Feb. 22,Los Angeles Clippers,124,Phoenix Suns,84
Feb. 22,Miami Heat,101,Indiana Pacers,93
Feb. 22,Milwaukee Bucks,108,Los Angeles Lakers,101
Feb. 22,Minnesota Timberwolves,124,Boston Celtics,122
Feb. 22,New York Knicks,95,Toronto Raptors,122
Feb. 23,Denver Nuggets,110,Sacramento Kings,114
Feb. 23,Philadelphia 76ers,115,Orlando Magic,124
Feb. 23,Portland Trail Blazers,112,Brooklyn Nets,104
Feb. 23,Utah Jazz,117,Houston Rockets,114
Feb. 23,Washington Wizards,109,New Orleans Pelicans,89
Feb. 24,Chicago Bulls,109,Washington Wizards,104
Feb. 24,Cleveland Cavaliers,114,Charlotte Hornets,103
Feb. 24,Dallas Mavericks,103,Oklahoma City Thunder,116
Feb. 24,Detroit Pistons,111,Philadelphia 76ers,91
Feb. 24,Indiana Pacers,108,New York Knicks,105
Feb. 24,Los Angeles Clippers,81,Denver Nuggets,87
Feb. 24,Memphis Grizzlies,128,Los Angeles Lakers,119
Feb. 24,Miami Heat,112,Golden State Warriors,118
Feb. 24,Sacramento Kings,92,San Antonio Spurs,108
Feb. 24,Toronto Raptors,114,Minnesota Timberwolves,105
Feb. 25,Boston Celtics,112,Milwaukee Bucks,107
Feb. 25,New Orleans Pelicans,123,Oklahoma City Thunder,119
Feb. 25,Orlando Magic,114,Golden State Warriors,130
Feb. 25,Phoenix Suns,106,Brooklyn Nets,116
Feb. 25,Portland Trail Blazers,105,Houston Rockets,119
Feb. 25,Utah Jazz,78,San Antonio Spurs,96
Feb. 26,Atlanta Hawks,103,Chicago Bulls,88
Feb. 26,Dallas Mavericks,122,Denver Nuggets,116
Feb. 26,Indiana Pacers,95,Charlotte Hornets,96
Feb. 26,Los Angeles Lakers,95,Memphis Grizzlies,112
Feb. 26,New York Knicks,108,Orlando Magic,95
Feb. 26,Philadelphia 76ers,94,Washington Wizards,103
Feb. 26,Sacramento Kings,107,Los Angeles Clippers,117
Feb. 26,Toronto Raptors,99,Cleveland Cavaliers,97
Feb. 27,Boston Celtics,101,Miami Heat,89
Feb. 27,Chicago Bulls,95,Portland Trail Blazers,103
Feb. 27,Houston Rockets,94,San Antonio Spurs,104
Feb. 27,Milwaukee Bucks,91,Detroit Pistons,102
Feb. 27,New Orleans Pelicans,110,Minnesota Timberwolves,112
Feb. 27,Oklahoma City Thunder,118,Golden State Warriors,121
Feb. 27,Phoenix Suns,111,Memphis Grizzlies,106
Feb. 27,Utah Jazz,96,Brooklyn Nets,98
Feb. 28,Atlanta Hawks,87,Charlotte Hornets,76
Feb. 28,Dallas Mavericks,128,Minnesota Timberwolves,101
Feb. 28,Detroit Pistons,114,Toronto Raptors,101
Feb. 28,Indiana Pacers,102,Portland Trail Blazers,111
Feb. 28,New York Knicks,81,Miami Heat,98
Feb. 28,Orlando Magic,130,Philadelphia 76ers,116
Feb. 28,Washington Wizards,113,Cleveland Cavaliers,99
Feb. 29,Boston Celtics,100,Utah Jazz,95
Feb. 29,Cleveland Cavaliers,100,Indiana Pacers,96
Feb. 29,Denver Nuggets,96,Memphis Grizzlies,103
Feb. 29,Los Angeles Clippers,105,Brooklyn Nets,95
Feb. 29,Milwaukee Bucks,128,Houston Rockets,121
Feb. 29,Sacramento Kings,116,Oklahoma City Thunder,131
Feb. 29,Washington Wizards,116,Philadelphia 76ers,108
Mar. 1,Charlotte Hornets,126,Phoenix Suns,92
Mar. 1,Dallas Mavericks,121,Orlando Magic,108
Mar. 1,Golden State Warriors,109,Atlanta Hawks,105
Mar. 1,Los Angeles Lakers,107,Brooklyn Nets,101
Mar. 1,Miami Heat,129,Chicago Bulls,111
Mar. 1,New York Knicks,85,Portland Trail Blazers,104
Mar. 2,Boston Celtics,116,Portland Trail Blazers,93
Mar. 2,Denver Nuggets,117,Los Angeles Lakers,107
Mar. 2,Houston Rockets,100,New Orleans Pelicans,95
Mar. 2,Los Angeles Clippers,103,Oklahoma City Thunder,98
Mar. 2,Memphis Grizzlies,104,Sacramento Kings,98
Mar. 2,Milwaukee Bucks,99,Indiana Pacers,104
Mar. 2,Minnesota Timberwolves,98,Washington Wizards,104
Mar. 2,Orlando Magic,102,Chicago Bulls,89
Mar. 2,Philadelphia 76ers,99,Charlotte Hornets,119
Mar. 2,San Antonio Spurs,97,Detroit Pistons,81
Mar. 2,Toronto Raptors,104,Utah Jazz,94
Mar. 3,Dallas Mavericks,101,Sacramento Kings,104
Mar. 3,Golden State Warriors,121,Oklahoma City Thunder,106
Mar. 3,Miami Heat,108,Phoenix Suns,92
Mar. 3,New Orleans Pelicans,86,San Antonio Spurs,94
Mar. 4,Boston Celtics,105,New York Knicks,104
Mar. 4,Charlotte Hornets,108,Indiana Pacers,101
Mar. 4,Cleveland Cavaliers,108,Washington Wizards,83
Mar. 4,Denver Nuggets,120,Brooklyn Nets,121
Mar. 4,Los Angeles Lakers,77,Atlanta Hawks,106
Mar. 4,Memphis Grizzlies,94,Utah Jazz,88
Mar. 4,Milwaukee Bucks,116,Minnesota Timberwolves,101
Mar. 4,Orlando Magic,84,Phoenix Suns,102
Mar. 4,Philadelphia 76ers,102,Miami Heat,112
Mar. 4,Toronto Raptors,117,Portland Trail Blazers,115
Mar. 5,Chicago Bulls,108,Houston Rockets,100
Mar. 5,Cleveland Cavaliers,120,Boston Celtics,103
Mar. 5,Los Angeles Clippers,97,Atlanta Hawks,107
Mar. 5,Minnesota Timberwolves,132,Brooklyn Nets,118
Mar. 5,New Orleans Pelicans,94,Utah Jazz,106
Mar. 5,New York Knicks,102,Detroit Pistons,89
Mar. 5,San Antonio Spurs,104,Sacramento Kings,94
Mar. 5,Washington Wizards,99,Indiana Pacers,100
Mar. 6,Denver Nuggets,116,Dallas Mavericks,114
Mar. 6,Detroit Pistons,123,Portland Trail Blazers,103
Mar. 6,Los Angeles Lakers,112,Golden State Warriors,95
Mar. 6,Memphis Grizzlies,100,Phoenix Suns,109
Mar. 6,Miami Heat,103,Philadelphia 76ers,98
Mar. 6,Milwaukee Bucks,96,Oklahoma City Thunder,104
Mar. 6,Toronto Raptors,107,Houston Rockets,113
Mar. 7,Chicago Bulls,100,Milwaukee Bucks,90
Mar. 7,Charlotte Hornets,108,Minnesota Timberwolves,103
Mar. 7,Cleveland Cavaliers,103,Memphis Grizzlies,106
Mar. 7,Dallas Mavericks,90,Los Angeles Clippers,109
Mar. 7,Golden State Warriors,119,Orlando Magic,113
Mar. 7,Indiana Pacers,99,San Antonio Spurs,91
Mar. 7,New Orleans Pelicans,115,Sacramento Kings,112
Mar. 8,Denver Nuggets,110,New York Knicks,94
Mar. 8,Los Angeles Lakers,107,Orlando Magic,98
Mar. 8,Minnesota Timberwolves,91,San Antonio Spurs,116
Mar. 8,Portland Trail Blazers,116,Washington Wizards,109
Mar. 8,Toronto Raptors,104,Brooklyn Nets,99
Mar. 8,Utah Jazz,84,Atlanta Hawks,91
Mar. 9,Boston Celtics,116,Memphis Grizzlies,96
Mar. 9,Charlotte Hornets,122,New Orleans Pelicans,113
Mar. 9,Dallas Mavericks,96,Detroit Pistons,102
Mar. 9,Golden State Warriors,115,Utah Jazz,94
Mar. 9,Milwaukee Bucks,114,Miami Heat,108
Mar. 9,Oklahoma City Thunder,120,Los Angeles Clippers,108
Mar. 9,Philadelphia 76ers,104,Houston Rockets,118
Mar. 9,Phoenix Suns,97,New York Knicks,128
Mar. 9,Sacramento Kings,111,Cleveland Cavaliers,120
Mar. 10,Denver Nuggets,116,Phoenix Suns,98
Mar. 10,Los Angeles Lakers,108,Cleveland Cavaliers,120
Mar. 10,San Antonio Spurs,109,Chicago Bulls,101
Mar. 10,Toronto Raptors,104,Atlanta Hawks,96
Mar. 11,Boston Celtics,98,Houston Rockets,102
Mar. 11,Chicago Bulls,96,Miami Heat,118
Mar. 11,Charlotte Hornets,118,Detroit Pistons,103
Mar. 11,Golden State Warriors,128,Portland Trail Blazers,112
Mar. 11,Los Angeles Clippers,101,New York Knicks,94
Mar. 11,Memphis Grizzlies,121,New Orleans Pelicans,114
Mar. 11,Oklahoma City Thunder,96,Minnesota Timberwolves,99
Mar. 11,Philadelphia 76ers,95,Brooklyn Nets,89
Mar. 11,Sacramento Kings,100,Orlando Magic,107
Mar. 11,Utah Jazz,114,Washington Wizards,93
Mar. 12,Atlanta Hawks,95,Memphis Grizzlies,83
Mar. 12,Charlotte Hornets,125,Houston Rockets,109
Mar. 12,Dallas Mavericks,105,Indiana Pacers,112
Mar. 12,Denver Nuggets,116,Washington Wizards,100
Mar. 12,Golden State Warriors,123,Phoenix Suns,116
Mar. 12,Milwaukee Bucks,103,New Orleans Pelicans,92
Mar. 12,Philadelphia 76ers,111,Detroit Pistons,125
Mar. 12,Portland Trail Blazers,121,Orlando Magic,84
Mar. 12,San Antonio Spurs,93,Oklahoma City Thunder,85
Mar. 12,Toronto Raptors,112,Miami Heat,104
Mar. 13,Atlanta Hawks,104,Indiana Pacers,75
Mar. 13,Brooklyn Nets,100,Milwaukee Bucks,109
Mar. 13,Los Angeles Clippers,90,Cleveland Cavaliers,114
Mar. 13,Los Angeles Lakers,87,New York Knicks,90
Mar. 13,Sacramento Kings,99,Utah Jazz,108
Mar. 14,Charlotte Hornets,96,Dallas Mavericks,107
Mar. 14,Golden State Warriors,125,New Orleans Pelicans,107
Mar. 14,Houston Rockets,130,Memphis Grizzlies,81
Mar. 14,Miami Heat,124,Denver Nuggets,119
Mar. 14,Oklahoma City Thunder,128,Portland Trail Blazers,94
Mar. 14,Phoenix Suns,107,Minnesota Timberwolves,104
Mar. 14,Toronto Raptors,107,Chicago Bulls,109
Mar. 14,Utah Jazz,94,Cleveland Cavaliers,85
Mar. 14,Washington Wizards,124,Detroit Pistons,81
Mar. 15,Brooklyn Nets,131,Philadelphia 76ers,114
Mar. 15,Indiana Pacers,103,Boston Celtics,98
Mar. 15,Los Angeles Lakers,98,Sacramento Kings,106
Mar. 15,Milwaukee Bucks,89,Toronto Raptors,107
Mar. 15,Orlando Magic,116,Denver Nuggets,110
Mar. 15,San Antonio Spurs,108,Los Angeles Clippers,87
Mar. 16,Boston Celtics,109,Oklahoma City Thunder,130
Mar. 16,Charlotte Hornets,107,Orlando Magic,99
Mar. 16,Cleveland Cavaliers,99,Dallas Mavericks,98
Mar. 16,Detroit Pistons,114,Atlanta Hawks,118
Mar. 16,Golden State Warriors,121,New York Knicks,85
Mar. 16,Houston Rockets,106,Los Angeles Clippers,122
Mar. 16,Memphis Grizzlies,108,Minnesota Timberwolves,114
Mar. 16,Sacramento Kings,108,New Orleans Pelicans,123
Mar. 16,Washington Wizards,117,Chicago Bulls,96
Mar. 17,Atlanta Hawks,116,Denver Nuggets,98
Mar. 17,Chicago Bulls,118,Brooklyn Nets,102
Mar. 17,Indiana Pacers,94,Toronto Raptors,101
Mar. 17,Miami Heat,106,Charlotte Hornets,109
Mar. 17,Milwaukee Bucks,96,Memphis Grizzlies,86
Mar. 17,Philadelphia 76ers,94,Washington Wizards,99
Mar. 17,San Antonio Spurs,118,Portland Trail Blazers,110
Mar. 17,Utah Jazz,103,Phoenix Suns,69
Mar. 18,Dallas Mavericks,112,Golden State Warriors,130
Mar. 18,Detroit Pistons,115,Sacramento Kings,108
Mar. 18,Houston Rockets,116,Minnesota Timberwolves,111
Mar. 18,Los Angeles Lakers,90,Phoenix Suns,95
Mar. 18,New Orleans Pelicans,112,Portland Trail Blazers,117
Mar. 18,Orlando Magic,103,Cleveland Cavaliers,109
Mar. 18,Philadelphia 76ers,97,Oklahoma City Thunder,111
Mar. 18,Toronto Raptors,105,Boston Celtics,91
Mar. 19,Atlanta Hawks,109,Houston Rockets,97
Mar. 19,Chicago Bulls,92,Utah Jazz,85
Mar. 19,Charlotte Hornets,93,Denver Nuggets,101
Mar. 19,Detroit Pistons,115,Brooklyn Nets,103
Mar. 19,Indiana Pacers,111,Oklahoma City Thunder,115
Mar. 19,Memphis Grizzlies,113,Los Angeles Clippers,102
Mar. 19,Miami Heat,122,Cleveland Cavaliers,101
Mar. 19,San Antonio Spurs,87,Golden State Warriors,79
Mar. 19,Washington Wizards,99,New York Knicks,89
Mar. 20,Dallas Mavericks,132,Portland Trail Blazers,120
Mar. 20,Milwaukee Bucks,85,Utah Jazz,94
Mar. 20,New Orleans Pelicans,109,Los Angeles Clippers,105
Mar. 20,New York Knicks,80,Sacramento Kings,88
Mar. 20,Philadelphia 76ers,105,Boston Celtics,120
Mar. 20,Toronto Raptors,105,Orlando Magic,100
Mar. 21,Atlanta Hawks,102,Washington Wizards,117
Mar. 21,Boston Celtics,107,Orlando Magic,96
Mar. 21,Chicago Bulls,109,Sacramento Kings,102
Mar. 21,Charlotte Hornets,91,San Antonio Spurs,88
Mar. 21,Cleveland Cavaliers,124,Denver Nuggets,91
Mar. 21,Detroit Pistons,92,Milwaukee Bucks,91
Mar. 21,Indiana Pacers,91,Philadelphia 76ers,75
Mar. 21,Minnesota Timberwolves,104,Golden State Warriors,109
Mar. 21,Phoenix Suns,97,Memphis Grizzlies,103
Mar. 22,Brooklyn Nets,100,Charlotte Hornets,105
Mar. 22,Los Angeles Lakers,107,Memphis Grizzlies,100
Mar. 22,New Orleans Pelicans,99,Miami Heat,113
Mar. 22,Oklahoma City Thunder,111,Houston Rockets,107
Mar. 23,Boston Celtics,91,Toronto Raptors,79
Mar. 23,Chicago Bulls,107,New York Knicks,115
Mar. 23,Cleveland Cavaliers,113,Milwaukee Bucks,104
Mar. 23,Denver Nuggets,104,Philadelphia 76ers,103
Mar. 23,Detroit Pistons,118,Orlando Magic,102
Mar. 23,Golden State Warriors,114,Los Angeles Clippers,98
Mar. 23,Houston Rockets,87,Utah Jazz,89
Mar. 23,Minnesota Timberwolves,113,Sacramento Kings,104
Mar. 23,Phoenix Suns,119,Los Angeles Lakers,107
Mar. 23,Portland Trail Blazers,109,Dallas Mavericks,103
Mar. 23,San Antonio Spurs,112,Miami Heat,88
Mar. 23,Washington Wizards,101,Atlanta Hawks,122
Mar. 24,Brooklyn Nets,104,Cleveland Cavaliers,95
Mar. 24,Indiana Pacers,92,New Orleans Pelicans,84
Mar. 24,Los Angeles Clippers,96,Portland Trail Blazers,94
Mar. 24,New York Knicks,106,Chicago Bulls,94
Mar. 24,Oklahoma City Thunder,113,Utah Jazz,91
Mar. 25,Atlanta Hawks,101,Milwaukee Bucks,90
Mar. 25,Detroit Pistons,112,Charlotte Hornets,105
Mar. 25,Golden State Warriors,128,Dallas Mavericks,120
Mar. 25,Houston Rockets,112,Toronto Raptors,109
Mar. 25,Los Angeles Lakers,105,Denver Nuggets,116
Mar. 25,Miami Heat,108,Orlando Magic,97
Mar. 25,Sacramento Kings,116,Phoenix Suns,94
Mar. 25,San Antonio Spurs,110,Memphis Grizzlies,104
Mar. 25,Washington Wizards,129,Minnesota Timberwolves,132
Mar. 26,Brooklyn Nets,120,Indiana Pacers,110
Mar. 26,Detroit Pistons,95,Atlanta Hawks,112
Mar. 26,Milwaukee Bucks,91,Charlotte Hornets,115
Mar. 26,Minnesota Timberwolves,84,Utah Jazz,93
Mar. 26,New Orleans Pelicans,91,Toronto Raptors,115
Mar. 26,New York Knicks,93,Cleveland Cavaliers,107
Mar. 26,Oklahoma City Thunder,111,San Antonio Spurs,92
Mar. 26,Orlando Magic,111,Chicago Bulls,89
Mar. 26,Phoenix Suns,99,Boston Celtics,102
Mar. 26,Portland Trail Blazers,108,Philadelphia 76ers,105
Mar. 27,Golden State Warriors,117,Philadelphia 76ers,105
Mar. 27,Indiana Pacers,104,Houston Rockets,101
Mar. 27,Los Angeles Clippers,105,Denver Nuggets,90
Mar. 27,Los Angeles Lakers,88,Washington Wizards,101
Mar. 27,Sacramento Kings,133,Dallas Mavericks,111
Mar. 28,Chicago Bulls,100,Atlanta Hawks,102
Mar. 28,Denver Nuggets,88,Dallas Mavericks,97
Mar. 28,Los Angeles Clippers,114,Boston Celtics,90
Mar. 28,Memphis Grizzlies,87,San Antonio Spurs,101
Mar. 28,Miami Heat,110,Brooklyn Nets,99
Mar. 28,Minnesota Timberwolves,121,Phoenix Suns,116
Mar. 28,New Orleans Pelicans,99,New York Knicks,91
Mar. 28,Portland Trail Blazers,105,Sacramento Kings,93
Mar. 28,Toronto Raptors,100,Oklahoma City Thunder,119
Mar. 28,Utah Jazz,123,Los Angeles Lakers,75
Mar. 29,Cleveland Cavaliers,100,Houston Rockets,106
Mar. 29,Detroit Pistons,88,Oklahoma City Thunder,82
Mar. 29,Golden State Warriors,102,Washington Wizards,94
Mar. 29,Indiana Pacers,96,Chicago Bulls,98
Mar. 29,Orlando Magic,139,Brooklyn Nets,105
Mar. 29,Philadelphia 76ers,85,Charlotte Hornets,100
Mar. 30,Dallas Mavericks,91,New York Knicks,89
Mar. 30,Los Angeles Lakers,102,Miami Heat,100
Mar. 30,Memphis Grizzlies,105,Denver Nuggets,109
Mar. 30,Milwaukee Bucks,105,Phoenix Suns,94
Mar. 30,Minnesota Timberwolves,79,Los Angeles Clippers,99
Mar. 30,Sacramento Kings,120,Washington Wizards,111
Mar. 30,San Antonio Spurs,100,New Orleans Pelicans,92
Mar. 30,Toronto Raptors,105,Atlanta Hawks,97
Mar. 30,Utah Jazz,96,Golden State Warriors,103
Mar. 31,Cleveland Cavaliers,107,Brooklyn Nets,87
Mar. 31,Houston Rockets,100,Chicago Bulls,103
Mar. 31,Indiana Pacers,94,Orlando Magic,114
Mar. 31,New Orleans Pelicans,101,Denver Nuggets,95
Mar. 31,Oklahoma City Thunder,119,Los Angeles Clippers,117
Mar. 31,Portland Trail Blazers,116,Boston Celtics,109
Apr. 1,Atlanta Hawks,108,Cleveland Cavaliers,110
Apr. 1,Charlotte Hornets,100,Philadelphia 76ers,91
Apr. 1,Detroit Pistons,89,Dallas Mavericks,98
Apr. 1,Golden State Warriors,106,Boston Celtics,109
Apr. 1,Memphis Grizzlies,95,Toronto Raptors,99
Apr. 1,Milwaukee Bucks,113,Orlando Magic,110
Apr. 1,New York Knicks,105,Brooklyn Nets,91
Apr. 1,Phoenix Suns,99,Washington Wizards,106
Apr. 1,Sacramento Kings,106,Miami Heat,112
Apr. 1,Utah Jazz,98,Minnesota Timberwolves,85
Apr. 2,Chicago Bulls,90,Detroit Pistons,94
Apr. 2,Denver Nuggets,106,Sacramento Kings,115
Apr. 2,Philadelphia 76ers,102,Indiana Pacers,115
Apr. 2,Portland Trail Blazers,110,Miami Heat,93
Apr. 2,San Antonio Spurs,102,Toronto Raptors,95
Apr. 3,Brooklyn Nets,87,New Orleans Pelicans,106
Apr. 3,Cleveland Cavaliers,112,Charlotte Hornets,103
Apr. 3,Golden State Warriors,136,Portland Trail Blazers,111
Apr. 3,Houston Rockets,118,Oklahoma City Thunder,110
Apr. 3,Los Angeles Clippers,114,Washington Wizards,109
Apr. 3,Los Angeles Lakers,100,Boston Celtics,107
Apr. 3,Milwaukee Bucks,98,Chicago Bulls,102
Apr. 3,Minnesota Timberwolves,78,Dallas Mavericks,88
Apr. 3,New York Knicks,87,Indiana Pacers,92
Apr. 3,Orlando Magic,119,Memphis Grizzlies,107
Apr. 3,Phoenix Suns,86,Utah Jazz,101
Apr. 5,Atlanta Hawks,103,Phoenix Suns,90
Apr. 5,Denver Nuggets,102,Oklahoma City Thunder,124
Apr. 5,Golden State Warriors,117,Minnesota Timberwolves,124
Apr. 5,Los Angeles Clippers,103,Los Angeles Lakers,81
Apr. 5,Memphis Grizzlies,108,Chicago Bulls,92
Apr. 5,Miami Heat,107,Detroit Pistons,89
Apr. 5,Milwaukee Bucks,80,Cleveland Cavaliers,109
Apr. 5,Philadelphia 76ers,107,New Orleans Pelicans,93
Apr. 5,Sacramento Kings,107,Portland Trail Blazers,115
Apr. 5,Toronto Raptors,96,Charlotte Hornets,90
Apr. 5,Utah Jazz,86,San Antonio Spurs,88
Apr. 6,Boston Celtics,104,New Orleans Pelicans,97
Apr. 6,Dallas Mavericks,88,Houston Rockets,86
Apr. 6,Indiana Pacers,123,Cleveland Cavaliers,109
Apr. 6,Los Angeles Lakers,81,Los Angeles Clippers,91
Apr. 6,New York Knicks,97,Charlotte Hornets,111
Apr. 6,Orlando Magic,104,Detroit Pistons,108
Apr. 6,Portland Trail Blazers,120,Oklahoma City Thunder,115
Apr. 6,Washington Wizards,121,Brooklyn Nets,103
Apr. 7,Atlanta Hawks,95,Toronto Raptors,87
Apr. 7,Golden State Warriors,112,San Antonio Spurs,101
Apr. 7,Houston Rockets,115,Phoenix Suns,124
Apr. 7,Miami Heat,106,Chicago Bulls,98
Apr. 7,Sacramento Kings,97,Minnesota Timberwolves,105
Apr. 8,Boston Celtics,124,Milwaukee Bucks,109
Apr. 8,Charlotte Hornets,113,Brooklyn Nets,99
Apr. 8,Dallas Mavericks,103,Memphis Grizzlies,93
Apr. 8,Denver Nuggets,102,San Antonio Spurs,98
Apr. 8,Detroit Pistons,112,Washington Wizards,99
Apr. 8,New Orleans Pelicans,110,Los Angeles Lakers,102
Apr. 8,Orlando Magic,112,Miami Heat,109
Apr. 8,Philadelphia 76ers,102,New York Knicks,109
Apr. 8,Toronto Raptors,111,Indiana Pacers,98
Apr. 8,Utah Jazz,99,Los Angeles Clippers,102
Apr. 9,Atlanta Hawks,118,Boston Celtics,107
Apr. 9,Chicago Bulls,105,Cleveland Cavaliers,102
Apr. 9,Memphis Grizzlies,99,Golden State Warriors,100
Apr. 9,New Orleans Pelicans,100,Phoenix Suns,121
Apr. 9,Portland Trail Blazers,105,Minnesota Timberwolves,106
Apr. 9,Sacramento Kings,114,Oklahoma City Thunder,112
Apr. 10,Denver Nuggets,84,Utah Jazz,100
Apr. 10,Houston Rockets,130,Los Angeles Lakers,110
Apr. 10,Indiana Pacers,129,Brooklyn Nets,105
Apr. 10,Los Angeles Clippers,98,Dallas Mavericks,91
Apr. 10,Miami Heat,118,Orlando Magic,96
Apr. 10,New York Knicks,89,Toronto Raptors,93
Apr. 10,Philadelphia 76ers,108,Milwaukee Bucks,109
Apr. 10,San Antonio Spurs,86,Golden State Warriors,92
Apr. 10,Washington Wizards,113,Charlotte Hornets,98
Apr. 11,Boston Celtics,100,Charlotte Hornets,114
Apr. 11,Brooklyn Nets,111,Washington Wizards,120
Apr. 11,Cleveland Cavaliers,109,Atlanta Hawks,94
Apr. 11,Minnesota Timberwolves,105,Houston Rockets,129
Apr. 11,New Orleans Pelicans,116,Chicago Bulls,121
Apr. 11,Oklahoma City Thunder,112,Los Angeles Lakers,79
Apr. 11,Orlando Magic,107,Milwaukee Bucks,98
Apr. 11,Phoenix Suns,101,Sacramento Kings,105
Apr. 11,Utah Jazz,92,Dallas Mavericks,101
Apr. 12,Detroit Pistons,93,Miami Heat,99
Apr. 12,Indiana Pacers,102,New York Knicks,90
Apr. 12,Los Angeles Clippers,110,Memphis Grizzlies,84
Apr. 12,San Antonio Spurs,102,Oklahoma City Thunder,98
Apr. 12,Toronto Raptors,122,Philadelphia 76ers,98
Apr. 13,Boston Celtics,98,Miami Heat,88
Apr. 13,Brooklyn Nets,96,Toronto Raptors,103
Apr. 13,Chicago Bulls,115,Philadelphia 76ers,105
Apr. 13,Charlotte Hornets,117,Orlando Magic,103
Apr. 13,Cleveland Cavaliers,110,Detroit Pistons,112
Apr. 13,Dallas Mavericks,91,San Antonio Spurs,96
Apr. 13,Golden State Warriors,125,Memphis Grizzlies,104
Apr. 13,Houston Rockets,116,Sacramento Kings,81
Apr. 13,Los Angeles Lakers,101,Utah Jazz,96
Apr. 13,Milwaukee Bucks,92,Indiana Pacers,97
Apr. 13,Minnesota Timberwolves,144,New Orleans Pelicans,109
Apr. 13,Phoenix Suns,114,Los Angeles Clippers,105
Apr. 13,Portland Trail Blazers,107,Denver Nuggets,99
Apr. 13,Washington Wizards,109,Atlanta Hawks,98
